null,10440,2010,Ｊ１,第１節第１日,03/06(土),13:03,ジュビロ磐田,ベガルタ仙台,ヤマハスタジアム（磐田）,スカパー（スカチャンＨＤ、スカチャン）／ｅ２スカチャンＨＤ／静岡放送
null,11280,2010,Ｊ１,第１節第１日,03/06(土),13:04,湘南ベルマーレ,モンテディオ山形,平塚競技場,スカパー（スカチャンＨＤ、スカチャン）／ｅ２スカチャン
null,29011,2010,Ｊ１,第１節第１日,03/06(土),14:01,ＦＣ東京,横浜Ｆ・マリノス,味の素スタジアム,スカパー・ｅ２（ＴＢＳチャンネル）／ＴＢＳ（単）／ＴＯＫＹＯ　ＭＸ（録）
null,16216,2010,Ｊ１,第１節第１日,03/06(土),14:04,サンフレッチェ広島,清水エスパルス,広島ビッグアーチ,スカパー・ｅ２（Ｊ　ｓｐｏｒｔｓ　Ｐｌｕｓ）／ＮＨＫ広島／ＮＨＫ静岡
null,22117,2010,Ｊ１,第１節第１日,03/06(土),16:03,川崎フロンターレ,アルビレックス新潟,等々力陸上競技場,スカパー（スカチャンＨＤ、スカチャン）／ｅ２スカチャンＨＤ
null,35251,2010,Ｊ１,第１節第１日,03/06(土),16:04,鹿島アントラーズ,浦和レッズ,県立カシマサッカースタジアム,スカパー（スカチャンＨＤ、スカチャン）／ｅ２スカチャン／ＮＨＫ総合
null,18105,2010,Ｊ１,第１節第１日,03/06(土),19:04,ガンバ大阪,名古屋グランパス,万博記念競技場,スカパー（スカチャンＨＤ、スカチャン）／ｅ２スカチャン／ＢＳ
null,7653,2010,Ｊ２,第１節第１日,03/06(土),13:04,アビスパ福岡,ヴァンフォーレ甲府,レベルファイブスタジアム,スカパースカチャン／ｅ２スカチャン
null,4351,2010,Ｊ２,第１節第１日,03/06(土),14:06,徳島ヴォルティス,ザスパ草津,鳴門・大塚スポーツパークポカリスエットスタジアム,スカパースカチャン／ｅ２スカチャン／ＮＨＫ徳島
null,3581,2010,Ｊ２,第１節第１日,03/06(土),16:05,水戸ホーリーホック,栃木ＳＣ,ケーズデンキスタジアム水戸,スカパースカチャン／ｅ２スカチャン
null,19506,2010,Ｊ１,第１節第２日,03/07(日),14:05,ヴィッセル神戸,京都サンガF.C.,ホームズスタジアム神戸,スカパー（スカチャンＨＤ、スカチャン）／ｅ２スカチャンＨＤ
null,8605,2010,Ｊ１,第１節第２日,03/07(日),15:05,大宮アルディージャ,セレッソ大阪,ＮＡＣＫ５スタジアム大宮,スカパー・ｅ２（ＴＢＳチャンネル）／ＢＳ－ＴＢＳ／テレ玉（録）
null,7680,2010,Ｊ２,第１節第２日,03/07(日),13:04,柏レイソル,大分トリニータ,日立柏サッカー場,スカパースカチャン／ｅ２スカチャン
null,4050,2010,Ｊ２,第１節第２日,03/07(日),13:04,ＦＣ岐阜,カターレ富山,岐阜メモリアルセンター長良川競技場,スカパースカチャン／ｅ２スカチャン／岐阜放送（録）
null,8971,2010,Ｊ２,第１節第２日,03/07(日),15:03,サガン鳥栖,コンサドーレ札幌,ベストアメニティスタジアム,スカパースカチャン／ｅ２スカチャン／ＮＨＫ佐賀
null,9101,2010,Ｊ２,第１節第２日,03/07(日),15:05,ロアッソ熊本,ジェフユナイテッド千葉,熊本県民総合運動公園陸上競技場,スカパースカチャン／ｅ２スカチャン／ＮＨＫ熊本
null,4506,2010,Ｊ２,第１節第２日,03/07(日),16:03,横浜ＦＣ,ギラヴァンツ北九州,ニッパツ三ツ沢球技場,スカパースカチャン／ｅ２スカチャン
null,4863,2010,Ｊ２,第１節第２日,03/07(日),16:04,愛媛ＦＣ,ファジアーノ岡山,ニンジニアスタジアム,スカパースカチャン／ｅ２スカチャン（録）／ＮＨＫ松山／ＮＨＫ岡山
null,28423,2010,Ｊ１,第２節第１日,03/13(土),14:03,アルビレックス新潟,ジュビロ磐田,東北電力ビッグスワンスタジアム,スカパー・ｅ２（Ｊ　ｓｐｏｒｔｓ　Ｐｌｕｓ）／新潟総合テレビ
null,18517,2010,Ｊ１,第２節第１日,03/13(土),14:04,清水エスパルス,モンテディオ山形,アウトソーシングスタジアム日本平,スカパー（スカチャンＨＤ、スカチャン）／ｅ２スカチャン／ＢＳ／テレビ静岡
null,32228,2010,Ｊ１,第２節第１日,03/13(土),14:05,横浜Ｆ・マリノス,湘南ベルマーレ,日産スタジアム,スカパー・ｅ２（ＴＢＳチャンネル）／ＢＳ－ＴＢＳ
null,25176,2010,Ｊ１,第２節第１日,03/13(土),16:04,名古屋グランパス,川崎フロンターレ,豊田スタジアム,スカパー（スカチャンＨＤ、スカチャン）／ｅ２スカチャン／ＮＨＫ総合
null,17978,2010,Ｊ１,第２節第１日,03/13(土),16:07,ベガルタ仙台,大宮アルディージャ,ユアテックスタジアム仙台,スカパー（スカチャンＨＤ、スカチャン）／ｅ２スカチャンＨＤ／ＮＨＫ仙台（東北ブロック）
null,4812,2010,Ｊ２,第２節第１日,03/13(土),13:05,ザスパ草津,愛媛ＦＣ,正田醤油スタジアム群馬,スカパースカチャン／ｅ２スカチャン／群馬テレビ
null,21071,2010,Ｊ２,第２節第１日,03/13(土),16:04,コンサドーレ札幌,アビスパ福岡,札幌ドーム,スカパースカチャン／ｅ２スカチャン／ＮＨＫ札幌／ＮＨＫ福岡
null,12381,2010,Ｊ２,第２節第１日,03/13(土),16:04,ヴァンフォーレ甲府,水戸ホーリーホック,山梨県小瀬スポーツ公園陸上競技場,スカパースカチャン／ｅ２スカチャン／ＮＨＫ甲府／ＮＨＫ水戸＊
null,10725,2010,Ｊ２,第２節第１日,03/13(土),16:04,ファジアーノ岡山,横浜ＦＣ,ｋａｎｋｏスタジアム,スカパースカチャン／ｅ２スカチャン（録）／ＮＨＫ岡山
null,15222,2010,Ｊ１,第２節第２日,03/14(日),13:04,京都サンガF.C.,鹿島アントラーズ,京都市西京極総合運動公園陸上競技場兼球技場,スカパー（スカチャンＨＤ、スカチャン）／ｅ２スカチャンＨＤ
null,50096,2010,Ｊ１,第２節第２日,03/14(日),14:02,浦和レッズ,ＦＣ東京,埼玉スタジアム２００２,スカパー・ｅ２（ＴＢＳチャンネル）／ＴＢＳ（単）
null,9133,2010,Ｊ１,第２節第２日,03/14(日),16:04,ヴィッセル神戸,サンフレッチェ広島,ホームズスタジアム神戸,スカパー（スカチャンＨＤ、スカチャン）／ｅ２スカチャン
null,37860,2010,Ｊ１,第２節第２日,03/14(日),16:06,セレッソ大阪,ガンバ大阪,大阪長居スタジアム,スカパー（スカチャンＨＤ、スカチャン）／ｅ２スカチャンＨＤ
null,6216,2010,Ｊ２,第２節第２日,03/14(日),13:03,栃木ＳＣ,柏レイソル,栃木県グリーンスタジアム,スカパースカチャン／ｅ２スカチャン／とちぎテレビ（録）
null,5755,2010,Ｊ２,第２節第２日,03/14(日),13:03,東京ヴェルディ,ロアッソ熊本,味の素スタジアム,スカパースカチャン／ｅ２スカチャン
null,4304,2010,Ｊ２,第２節第２日,03/14(日),13:05,ギラヴァンツ北九州,徳島ヴォルティス,北九州市立本城陸上競技場,スカパースカチャン／ｅ２スカチャン／ＮＨＫ北九州／ＮＨＫ福岡
null,11593,2010,Ｊ２,第２節第２日,03/14(日),14:04,大分トリニータ,ＦＣ岐阜,大分銀行ドーム,スカパースカチャン／ｅ２スカチャン／ＮＨＫ大分
null,12437,2010,Ｊ２,第２節第２日,03/14(日),16:03,ジェフユナイテッド千葉,サガン鳥栖,フクダ電子アリーナ,スカパースカチャン／ｅ２スカチャン
null,8250,2010,Ｊ１,第３節第１日,03/20(土),13:03,湘南ベルマーレ,サンフレッチェ広島,平塚競技場,スカパー（スカチャンＨＤ、スカチャン）／ｅ２スカチャンＨＤ
null,15367,2010,Ｊ１,第３節第１日,03/20(土),13:04,清水エスパルス,ヴィッセル神戸,アウトソーシングスタジアム日本平,スカパー（スカチャンＨＤ、スカチャン）／ｅ２スカチャン／静岡放送
null,8177,2010,Ｊ１,第３節第１日,03/20(土),13:04,京都サンガF.C.,ベガルタ仙台,京都市西京極総合運動公園陸上競技場兼球技場,スカパー（スカチャンＨＤ、スカチャン）／ｅ２スカチャン／ＫＢＳ京都（録）
null,35870,2010,Ｊ１,第３節第１日,03/20(土),14:05,横浜Ｆ・マリノス,川崎フロンターレ,日産スタジアム,スカパー・ｅ２（ＴＢＳチャンネル）／ＢＳ－ＴＢＳ
null,11116,2010,Ｊ１,第３節第１日,03/20(土),16:00,大宮アルディージャ,鹿島アントラーズ,ＮＡＣＫ５スタジアム大宮,スカパー（スカチャンＨＤ、スカチャン）／ｅ２スカチャン
null,16813,2010,Ｊ１,第３節第１日,03/20(土),16:03,ガンバ大阪,アルビレックス新潟,万博記念競技場,スカパー（スカチャンＨＤ、スカチャン）／ｅ２スカチャンＨＤ
null,20143,2010,Ｊ１,第３節第１日,03/20(土),19:04,ＦＣ東京,セレッソ大阪,味の素スタジアム,スカパー（スカチャンＨＤ、スカチャン）／ｅ２スカチャン／ＢＳ／ＴＯＫＹＯ　ＭＸ（録）
null,10726,2010,Ｊ２,第３節第１日,03/20(土),13:05,カターレ富山,大分トリニータ,富山県総合運動公園陸上競技場,スカパースカチャン／ｅ２スカチャン
null,4528,2010,Ｊ２,第３節第１日,03/20(土),16:04,ＦＣ岐阜,ヴァンフォーレ甲府,岐阜メモリアルセンター長良川競技場,スカパースカチャン／ｅ２スカチャン
null,19021,2010,Ｊ１,第３節第２日,03/21(日・祝),13:04,モンテディオ山形,浦和レッズ,ＮＤソフトスタジアム山形,スカパー（スカチャンＨＤ、スカチャン）／ｅ２スカチャンＨＤ
null,12749,2010,Ｊ１,第３節第２日,03/21(日・祝),16:03,名古屋グランパス,ジュビロ磐田,名古屋市瑞穂陸上競技場,スカパー（スカチャンＨＤ、スカチャン）／ｅ２スカチャンＨＤ／名古屋テレビ（録）
null,4752,2010,Ｊ２,第３節第２日,03/21(日・祝),13:03,栃木ＳＣ,コンサドーレ札幌,栃木県グリーンスタジアム,スカパースカチャン／ｅ２スカチャン／とちぎテレビ（録）
null,3856,2010,Ｊ２,第３節第２日,03/21(日・祝),13:04,ザスパ草津,横浜ＦＣ,正田醤油スタジアム群馬,スカパースカチャン／ｅ２スカチャン（録）
null,7115,2010,Ｊ２,第３節第２日,03/21(日・祝),13:04,柏レイソル,アビスパ福岡,日立柏サッカー場,スカパースカチャン／ｅ２スカチャン
null,4546,2010,Ｊ２,第３節第２日,03/21(日・祝),13:04,徳島ヴォルティス,ジェフユナイテッド千葉,鳴門・大塚スポーツパークポカリスエットスタジアム,スカパースカチャン／ｅ２スカチャン
null,3205,2010,Ｊ２,第３節第２日,03/21(日・祝),16:01,ギラヴァンツ北九州,東京ヴェルディ,北九州市立本城陸上競技場,スカパースカチャン／ｅ２スカチャン（録）
null,6513,2010,Ｊ２,第３節第２日,03/21(日・祝),16:03,ファジアーノ岡山,ロアッソ熊本,ｋａｎｋｏスタジアム,スカパースカチャン／ｅ２スカチャン
null,3743,2010,Ｊ２,第３節第２日,03/21(日・祝),16:05,愛媛ＦＣ,水戸ホーリーホック,ニンジニアスタジアム,スカパースカチャン／ｅ２スカチャン
null,10220,2010,Ｊ１,第４節第１日,03/27(土),13:03,湘南ベルマーレ,アルビレックス新潟,平塚競技場,スカパー（スカチャンＨＤ、スカチャン）／ｅ２スカチャンＨＤ
null,17716,2010,Ｊ１,第４節第１日,03/27(土),13:04,川崎フロンターレ,清水エスパルス,等々力陸上競技場,スカパー（スカチャンＨＤ、スカチャン）／ｅ２スカチャン／ＢＳ
null,15442,2010,Ｊ１,第４節第１日,03/27(土),14:03,ヴィッセル神戸,横浜Ｆ・マリノス,ホームズスタジアム神戸,スカパー・ｅ２（Ｊ　ｓｐｏｒｔｓ　Ｐｌｕｓ）
null,22089,2010,Ｊ１,第４節第１日,03/27(土),14:05,鹿島アントラーズ,モンテディオ山形,県立カシマサッカースタジアム,スカパー・ｅ２（ＴＢＳチャンネル）／ＢＳ－ＴＢＳ
null,7258,2010,Ｊ１,第４節第１日,03/27(土),16:03,ジュビロ磐田,京都サンガF.C.,ヤマハスタジアム（磐田）,スカパー（スカチャンＨＤ、スカチャン）／ｅ２スカチャン
null,16261,2010,Ｊ１,第４節第１日,03/27(土),16:04,セレッソ大阪,浦和レッズ,大阪長居スタジアム,スカパー（スカチャンＨＤ、スカチャン）／ｅ２スカチャンＨＤ
null,1803,2010,Ｊ２,第４節第１日,03/27(土),13:04,水戸ホーリーホック,ギラヴァンツ北九州,ケーズデンキスタジアム水戸,スカパースカチャン／ｅ２スカチャン
null,4714,2010,Ｊ２,第４節第１日,03/27(土),16:03,ロアッソ熊本,ＦＣ岐阜,熊本県民総合運動公園陸上競技場,スカパースカチャン／ｅ２スカチャン
null,10596,2010,Ｊ１,第４節第２日,03/28(日),14:01,大宮アルディージャ,ＦＣ東京,ＮＡＣＫ５スタジアム大宮,スカパー（スカチャンＨＤ、スカチャン）／ｅ２スカチャンＨＤ
null,17216,2010,Ｊ１,第４節第２日,03/28(日),17:03,ガンバ大阪,ベガルタ仙台,万博記念競技場,スカパー・ｅ２（Ｊ　ｓｐｏｒｔｓ　Ｐｌｕｓ）
null,11805,2010,Ｊ２,第４節第２日,03/28(日),13:03,コンサドーレ札幌,ファジアーノ岡山,札幌ドーム,スカパースカチャン／ｅ２スカチャン
null,8214,2010,Ｊ２,第４節第２日,03/28(日),13:03,アビスパ福岡,カターレ富山,レベルファイブスタジアム,スカパースカチャン／ｅ２スカチャン（録）
null,5664,2010,Ｊ２,第４節第２日,03/28(日),13:03,サガン鳥栖,愛媛ＦＣ,ベストアメニティスタジアム,スカパースカチャン／ｅ２スカチャン
null,10287,2010,Ｊ２,第４節第２日,03/28(日),13:03,大分トリニータ,栃木ＳＣ,大分銀行ドーム,スカパースカチャン／ｅ２スカチャン
null,10068,2010,Ｊ２,第４節第２日,03/28(日),16:03,ジェフユナイテッド千葉,ザスパ草津,フクダ電子アリーナ,スカパースカチャン／ｅ２スカチャン（録）
null,4608,2010,Ｊ２,第４節第２日,03/28(日),16:03,東京ヴェルディ,柏レイソル,味の素スタジアム,スカパースカチャン／ｅ２スカチャン
null,4583,2010,Ｊ２,第４節第２日,03/28(日),16:03,横浜ＦＣ,徳島ヴォルティス,ニッパツ三ツ沢球技場,スカパースカチャン／ｅ２スカチャン
null,8926,2010,Ｊ１,第５節第１日,04/03(土),13:04,セレッソ大阪,京都サンガF.C.,大阪長居スタジアム,スカパー（スカチャンＨＤ、スカチャン）／ｅ２スカチャンＨＤ
null,27114,2010,Ｊ１,第５節第１日,04/03(土),15:05,横浜Ｆ・マリノス,清水エスパルス,日産スタジアム,スカパー・ｅ２（ＴＢＳチャンネル）／ＢＳ－ＴＢＳ
null,24529,2010,Ｊ１,第５節第１日,04/03(土),15:05,アルビレックス新潟,大宮アルディージャ,東北電力ビッグスワンスタジアム,スカパー（スカチャンＨＤ、スカチャン）／ｅ２スカチャン／テレビ新潟
null,7019,2010,Ｊ１,第５節第１日,04/03(土),16:04,モンテディオ山形,サンフレッチェ広島,ＮＤソフトスタジアム山形,スカパー（スカチャンＨＤ、スカチャン）／ｅ２スカチャンＨＤ
null,17776,2010,Ｊ１,第５節第１日,04/03(土),16:04,名古屋グランパス,ヴィッセル神戸,豊田スタジアム,スカパー・ｅ２（Ｊ　ｓｐｏｒｔｓ　Ｐｌｕｓ）／ＮＨＫ名古屋
null,36790,2010,Ｊ１,第５節第１日,04/03(土),19:04,浦和レッズ,湘南ベルマーレ,埼玉スタジアム２００２,スカパー（スカチャンＨＤ、スカチャン）／ｅ２スカチャン／ＢＳ／テレ玉
null,5372,2010,Ｊ２,第５節第１日,04/03(土),13:04,ザスパ草津,ロアッソ熊本,正田醤油スタジアム群馬,スカパースカチャン／ｅ２スカチャン
null,3145,2010,Ｊ２,第５節第１日,04/03(土),13:04,東京ヴェルディ,アビスパ福岡,駒沢オリンピック公園総合運動場陸上競技場,スカパースカチャン／ｅ２スカチャン
null,4275,2010,Ｊ２,第５節第１日,04/03(土),16:04,徳島ヴォルティス,大分トリニータ,鳴門・大塚スポーツパークポカリスエットスタジアム,スカパースカチャン／ｅ２スカチャン
null,23214,2010,Ｊ１,第５節第２日,04/04(日),13:04,ベガルタ仙台,鹿島アントラーズ,宮城スタジアム,スカパー（スカチャンＨＤ、スカチャン）／ｅ２スカチャンＨＤ
null,10603,2010,Ｊ１,第５節第２日,04/04(日),14:03,ジュビロ磐田,ガンバ大阪,ヤマハスタジアム（磐田）,スカパー（スカチャンＨＤ、スカチャン）／ｅ２スカチャン／静岡放送
null,22199,2010,Ｊ１,第５節第２日,04/04(日),16:03,川崎フロンターレ,ＦＣ東京,等々力陸上競技場,スカパー（スカチャンＨＤ、スカチャン）／ｅ２スカチャンＨＤ
null,5133,2010,Ｊ２,第５節第２日,04/04(日),13:03,ＦＣ岐阜,コンサドーレ札幌,岐阜メモリアルセンター長良川競技場,スカパースカチャン／ｅ２スカチャン／ＮＨＫ岐阜
null,11510,2010,Ｊ２,第５節第２日,04/04(日),13:04,ヴァンフォーレ甲府,サガン鳥栖,山梨県小瀬スポーツ公園陸上競技場,スカパースカチャン／ｅ２スカチャン（録）／テレビ山梨
null,5746,2010,Ｊ２,第５節第２日,04/04(日),15:04,ギラヴァンツ北九州,ジェフユナイテッド千葉,北九州市立本城陸上競技場,スカパースカチャン／ｅ２スカチャン／ＢＳ／ＮＨＫ北九州
null,7274,2010,Ｊ２,第５節第２日,04/04(日),16:04,柏レイソル,水戸ホーリーホック,日立柏サッカー場,スカパースカチャン／ｅ２スカチャン
null,5646,2010,Ｊ２,第５節第２日,04/04(日),16:04,カターレ富山,横浜ＦＣ,富山県総合運動公園陸上競技場,スカパースカチャン／ｅ２スカチャン（録）
null,5504,2010,Ｊ２,第５節第２日,04/04(日),17:33,ファジアーノ岡山,栃木ＳＣ,ｋａｎｋｏスタジアム,スカパースカチャン／ｅ２スカチャン
null,10406,2010,Ｊ１,第６節第１日,04/10(土),13:03,湘南ベルマーレ,ジュビロ磐田,平塚競技場,スカパー（スカチャンＨＤ、スカチャン）／ｅ２スカチャン
null,10094,2010,Ｊ１,第６節第１日,04/10(土),13:04,京都サンガF.C.,名古屋グランパス,京都市西京極総合運動公園陸上競技場兼球技場,スカパー（スカチャンＨＤ、スカチャン）／ｅ２スカチャンＨＤ／ＫＢＳ京都（録）
null,14094,2010,Ｊ１,第６節第１日,04/10(土),14:03,サンフレッチェ広島,川崎フロンターレ,広島ビッグアーチ,スカパー・ｅ２（Ｊ　ｓｐｏｒｔｓ　Ｐｌｕｓ）／ＮＨＫ広島
null,10149,2010,Ｊ１,第６節第１日,04/10(土),14:05,大宮アルディージャ,ガンバ大阪,ＮＡＣＫ５スタジアム大宮,スカパー・ｅ２（ＴＢＳチャンネル）／ＢＳ－ＴＢＳ
null,15644,2010,Ｊ１,第６節第１日,04/10(土),16:03,横浜Ｆ・マリノス,セレッソ大阪,日産スタジアム,スカパー（スカチャンＨＤ、スカチャン）／ｅ２スカチャン
null,32485,2010,Ｊ１,第６節第１日,04/10(土),16:03,アルビレックス新潟,浦和レッズ,東北電力ビッグスワンスタジアム,スカパー（スカチャンＨＤ、スカチャン）／ｅ２スカチャンＨＤ
null,30672,2010,Ｊ１,第６節第１日,04/10(土),19:04,ＦＣ東京,鹿島アントラーズ,味の素スタジアム,スカパー（スカチャンＨＤ、スカチャン）／ｅ２スカチャン／ＢＳ／ＴＯＫＹＯ　ＭＸ
null,4822,2010,Ｊ２,第６節第１日,04/10(土),13:03,サガン鳥栖,水戸ホーリーホック,ベストアメニティスタジアム,スカパースカチャン／ｅ２スカチャン
null,3052,2010,Ｊ２,第６節第１日,04/10(土),14:02,愛媛ＦＣ,東京ヴェルディ,ニンジニアスタジアム,スカパースカチャン／ｅ２スカチャン／あいテレビ
null,17522,2010,Ｊ１,第６節第２日,04/11(日),13:03,清水エスパルス,ベガルタ仙台,アウトソーシングスタジアム日本平,スカパー（スカチャンＨＤ、スカチャン）／ｅ２スカチャンＨＤ
null,10392,2010,Ｊ１,第６節第２日,04/11(日),14:04,ヴィッセル神戸,モンテディオ山形,ホームズスタジアム神戸,スカパー（スカチャンＨＤ、スカチャン）／ｅ２スカチャン／ＮＨＫ神戸
null,6350,2010,Ｊ２,第６節第２日,04/11(日),13:03,ロアッソ熊本,ヴァンフォーレ甲府,熊本県民総合運動公園陸上競技場,スカパースカチャン／ｅ２スカチャン（録）
null,9884,2010,Ｊ２,第６節第２日,04/11(日),13:03,大分トリニータ,ファジアーノ岡山,大分銀行ドーム,スカパースカチャン／ｅ２スカチャン
null,13002,2010,Ｊ２,第６節第２日,04/11(日),13:04,コンサドーレ札幌,柏レイソル,札幌ドーム,スカパースカチャン／ｅ２スカチャン／北海道文化放送
null,4098,2010,Ｊ２,第６節第２日,04/11(日),16:03,栃木ＳＣ,ザスパ草津,栃木県グリーンスタジアム,スカパースカチャン／ｅ２スカチャン（録）／とちぎテレビ（録）
null,12752,2010,Ｊ２,第６節第２日,04/11(日),16:03,ジェフユナイテッド千葉,横浜ＦＣ,フクダ電子アリーナ,スカパースカチャン／ｅ２スカチャン
null,5012,2010,Ｊ２,第６節第２日,04/11(日),16:03,アビスパ福岡,ＦＣ岐阜,レベルファイブスタジアム,スカパースカチャン／ｅ２スカチャン（録）
null,2542,2010,Ｊ２,第６節第２日,04/11(日),16:04,カターレ富山,ギラヴァンツ北九州,富山県総合運動公園陸上競技場,スカパースカチャン／ｅ２スカチャン
null,12119,2010,Ｊ１,第７節第１日,04/17(土),14:04,ベガルタ仙台,ヴィッセル神戸,ユアテックスタジアム仙台,スカパー（スカチャンＨＤ、スカチャン）／ｅ２スカチャン／仙台放送
null,14168,2010,Ｊ１,第７節第１日,04/17(土),14:04,モンテディオ山形,横浜Ｆ・マリノス,ＮＤソフトスタジアム山形,スカパー（スカチャンＨＤ、スカチャン）／ｅ２スカチャン／ＮＨＫ山形
null,10083,2010,Ｊ１,第７節第１日,04/17(土),14:04,名古屋グランパス,アルビレックス新潟,名古屋市瑞穂陸上競技場,スカパー（スカチャンＨＤ、スカチャン）／ｅ２スカチャンＨＤ
null,19914,2010,Ｊ１,第７節第１日,04/17(土),14:04,ガンバ大阪,清水エスパルス,万博記念競技場,スカパー（スカチャンＨＤ、スカチャン）／ｅ２スカチャン／ＮＨＫ総合
null,18350,2010,Ｊ１,第７節第１日,04/17(土),17:04,ＦＣ東京,京都サンガF.C.,味の素スタジアム,スカパー（スカチャンＨＤ、スカチャン）／ｅ２スカチャンＨＤ／ＴＯＫＹＯ　ＭＸ
null,7030,2010,Ｊ１,第７節第１日,04/17(土),19:04,ジュビロ磐田,大宮アルディージャ,ヤマハスタジアム（磐田）,スカパー（スカチャンＨＤ、スカチャン）／ｅ２スカチャン／ＢＳ
null,2703,2010,Ｊ２,第７節第１日,04/17(土),13:05,ザスパ草津,大分トリニータ,正田醤油スタジアム群馬,スカパースカチャン／ｅ２スカチャン
null,11115,2010,Ｊ２,第７節第１日,04/17(土),14:05,徳島ヴォルティス,愛媛ＦＣ,鳴門・大塚スポーツパークポカリスエットスタジアム,スカパースカチャン／ｅ２スカチャン（録）／ＮＨＫ徳島／ＮＨＫ松山
null,6069,2010,Ｊ２,第７節第１日,04/17(土),16:04,水戸ホーリーホック,アビスパ福岡,ケーズデンキスタジアム水戸,スカパースカチャン／ｅ２スカチャン
null,9838,2010,Ｊ１,第７節第２日,04/18(日),13:04,セレッソ大阪,湘南ベルマーレ,大阪長居スタジアム,スカパー（スカチャンＨＤ、スカチャン）／ｅ２スカチャンＨＤ
null,17983,2010,Ｊ１,第７節第２日,04/18(日),15:07,鹿島アントラーズ,サンフレッチェ広島,県立カシマサッカースタジアム,スカパー・ｅ２（ＴＢＳチャンネル）／ＢＳ－ＴＢＳ／ＮＨＫ水戸＊
null,46313,2010,Ｊ１,第７節第２日,04/18(日),16:03,浦和レッズ,川崎フロンターレ,埼玉スタジアム２００２,スカパー（スカチャンＨＤ、スカチャン）／ｅ２スカチャンＨＤ
null,7582,2010,Ｊ２,第７節第２日,04/18(日),13:03,ファジアーノ岡山,ジェフユナイテッド千葉,ｋａｎｋｏスタジアム,スカパースカチャン／ｅ２スカチャン／山陽放送
null,2596,2010,Ｊ２,第７節第２日,04/18(日),13:03,ギラヴァンツ北九州,栃木ＳＣ,北九州市立本城陸上競技場,スカパースカチャン／ｅ２スカチャン
null,6844,2010,Ｊ２,第７節第２日,04/18(日),13:04,柏レイソル,サガン鳥栖,日立柏サッカー場,スカパースカチャン／ｅ２スカチャン
null,3553,2010,Ｊ２,第７節第２日,04/18(日),16:03,横浜ＦＣ,ロアッソ熊本,ニッパツ三ツ沢球技場,スカパースカチャン／ｅ２スカチャン
null,10316,2010,Ｊ２,第７節第２日,04/18(日),16:03,ヴァンフォーレ甲府,カターレ富山,山梨県小瀬スポーツ公園陸上競技場,スカパースカチャン／ｅ２スカチャン
null,3040,2010,Ｊ２,第７節第２日,04/18(日),16:03,ＦＣ岐阜,東京ヴェルディ,岐阜メモリアルセンター長良川球技メドウ,スカパースカチャン／ｅ２スカチャン
null,9502,2010,Ｊ１,第４節第３日,04/21(水),19:04,サンフレッチェ広島,名古屋グランパス,広島ビッグアーチ,スカパー（スカチャンＨＤ、スカチャン）／ｅ２スカチャンＨＤ
null,15156,2010,Ｊ１,第８節第１日,04/24(土),13:04,清水エスパルス,大宮アルディージャ,アウトソーシングスタジアム日本平,スカパー（スカチャンＨＤ、スカチャン）／ｅ２スカチャン／テレビ静岡
null,8073,2010,Ｊ１,第８節第１日,04/24(土),13:04,京都サンガF.C.,モンテディオ山形,京都市西京極総合運動公園陸上競技場兼球技場,スカパー（スカチャンＨＤ、スカチャン）／ｅ２スカチャンＨＤ／ＫＢＳ京都（録）
null,17669,2010,Ｊ１,第８節第１日,04/24(土),14:05,川崎フロンターレ,ヴィッセル神戸,等々力陸上競技場,スカパー・ｅ２（ＴＢＳチャンネル）／ＢＳ－ＴＢＳ
null,37116,2010,Ｊ１,第８節第１日,04/24(土),16:03,浦和レッズ,ジュビロ磐田,埼玉スタジアム２００２,スカパー（スカチャンＨＤ、スカチャン）／ｅ２スカチャンＨＤ
null,43025,2010,Ｊ１,第８節第１日,04/24(土),17:03,横浜Ｆ・マリノス,鹿島アントラーズ,日産スタジアム,スカパー（スカチャンＨＤ、スカチャン）／ｅ２スカチャン
null,17590,2010,Ｊ１,第８節第１日,04/24(土),17:03,ガンバ大阪,ＦＣ東京,万博記念競技場,スカパー・ｅ２（Ｊ　ｓｐｏｒｔｓ　Ｐｌｕｓ）
null,24146,2010,Ｊ１,第８節第１日,04/24(土),19:04,アルビレックス新潟,サンフレッチェ広島,東北電力ビッグスワンスタジアム,スカパー（スカチャンＨＤ、スカチャン）／ｅ２スカチャン／ＢＳ
null,5156,2010,Ｊ２,第８節第１日,04/24(土),13:03,ロアッソ熊本,柏レイソル,熊本市水前寺競技場,スカパースカチャン／ｅ２スカチャン
null,4195,2010,Ｊ２,第８節第１日,04/24(土),14:02,愛媛ＦＣ,横浜ＦＣ,ニンジニアスタジアム,スカパースカチャン／ｅ２スカチャン／ＮＨＫ松山
null,9892,2010,Ｊ１,第８節第２日,04/25(日),14:03,湘南ベルマーレ,ベガルタ仙台,平塚競技場,スカパー（スカチャンＨＤ、スカチャン）／ｅ２スカチャン
null,13867,2010,Ｊ１,第８節第２日,04/25(日),14:03,セレッソ大阪,名古屋グランパス,大阪長居スタジアム,スカパー・ｅ２（Ｊ　ｓｐｏｒｔｓ　Ｐｌｕｓ）
null,11430,2010,Ｊ２,第８節第２日,04/25(日),13:03,コンサドーレ札幌,水戸ホーリーホック,札幌ドーム,スカパースカチャン／ｅ２スカチャン／札幌テレビ
null,3026,2010,Ｊ２,第８節第２日,04/25(日),13:04,カターレ富山,徳島ヴォルティス,富山県総合運動公園陸上競技場,スカパースカチャン／ｅ２スカチャン（録）
null,8715,2010,Ｊ２,第８節第２日,04/25(日),13:04,アビスパ福岡,サガン鳥栖,レベルファイブスタジアム,スカパースカチャン／ｅ２スカチャン（録）／ＮＨＫ福岡／ＮＨＫ佐賀
null,10864,2010,Ｊ２,第８節第２日,04/25(日),13:04,大分トリニータ,ギラヴァンツ北九州,大分銀行ドーム,スカパースカチャン／ｅ２スカチャン／ＮＨＫ大分／ＮＨＫ北九州
null,10333,2010,Ｊ２,第８節第２日,04/25(日),16:03,ジェフユナイテッド千葉,ＦＣ岐阜,フクダ電子アリーナ,スカパースカチャン／ｅ２スカチャン
null,7051,2010,Ｊ２,第８節第２日,04/25(日),16:03,東京ヴェルディ,ヴァンフォーレ甲府,味の素スタジアム,スカパースカチャン／ｅ２スカチャン
null,6289,2010,Ｊ２,第８節第２日,04/25(日),16:03,ファジアーノ岡山,ザスパ草津,ｋａｎｋｏスタジアム,スカパースカチャン／ｅ２スカチャン
null,6933,2010,Ｊ２,第９節第１日,04/29(木・祝),13:03,栃木ＳＣ,ジェフユナイテッド千葉,栃木県グリーンスタジアム,スカパースカチャン／ｅ２スカチャン／とちぎテレビ
null,8697,2010,Ｊ２,第９節第１日,04/29(木・祝),13:03,サガン鳥栖,ロアッソ熊本,ベストアメニティスタジアム,スカパースカチャン／ｅ２スカチャン
null,4688,2010,Ｊ２,第９節第１日,04/29(木・祝),13:04,徳島ヴォルティス,ファジアーノ岡山,鳴門・大塚スポーツパークポカリスエットスタジアム,スカパースカチャン／ｅ２スカチャン（録）
null,11779,2010,Ｊ２,第９節第１日,04/29(木・祝),15:00,ヴァンフォーレ甲府,コンサドーレ札幌,山梨県小瀬スポーツ公園陸上競技場,スカパースカチャン／ｅ２スカチャン／山梨放送
null,2508,2010,Ｊ２,第９節第１日,04/29(木・祝),16:04,水戸ホーリーホック,東京ヴェルディ,ケーズデンキスタジアム水戸,スカパースカチャン／ｅ２スカチャン
null,3029,2010,Ｊ２,第９節第１日,04/29(木・祝),16:04,愛媛ＦＣ,アビスパ福岡,ニンジニアスタジアム,スカパースカチャン／ｅ２スカチャン
null,4259,2010,Ｊ２,第９節第１日,04/29(木・祝),19:03,横浜ＦＣ,大分トリニータ,ニッパツ三ツ沢球技場,スカパースカチャン／ｅ２スカチャン
null,2799,2010,Ｊ２,第９節第１日,04/29(木・祝),19:03,ギラヴァンツ北九州,ＦＣ岐阜,北九州市立本城陸上競技場,スカパースカチャン／ｅ２スカチャン
null,2703,2010,Ｊ２,第９節第１日,04/29(木・祝),19:35,ザスパ草津,カターレ富山,正田醤油スタジアム群馬,スカパースカチャン／ｅ２スカチャン／群馬テレビ
null,27223,2010,Ｊ１,第９節第１日,05/01(土),13:03,横浜Ｆ・マリノス,ジュビロ磐田,日産スタジアム,スカパー（スカチャンＨＤ、スカチャン）／ｅ２スカチャンＨＤ
null,12305,2010,Ｊ１,第９節第１日,05/01(土),13:05,ヴィッセル神戸,アルビレックス新潟,ホームズスタジアム神戸,スカパー（スカチャンＨＤ、スカチャン）／ｅ２スカチャン
null,13206,2010,Ｊ１,第９節第１日,05/01(土),14:03,名古屋グランパス,モンテディオ山形,名古屋市瑞穂陸上競技場,スカパー・ｅ２（Ｊ　ｓｐｏｒｔｓ　Ｐｌｕｓ）／東海テレビ（録）
null,13622,2010,Ｊ１,第９節第１日,05/01(土),15:04,ベガルタ仙台,セレッソ大阪,ユアテックスタジアム仙台,スカパー（スカチャンＨＤ、スカチャン）／ｅ２スカチャン／ＢＳ／ＮＨＫ仙台
null,38851,2010,Ｊ１,第９節第１日,05/01(土),16:03,清水エスパルス,浦和レッズ,エコパスタジアム,スカパー（スカチャンＨＤ、スカチャン）／ｅ２スカチャン
null,32855,2010,Ｊ１,第９節第１日,05/01(土),16:04,鹿島アントラーズ,ガンバ大阪,県立カシマサッカースタジアム,スカパー（スカチャンＨＤ、スカチャン）／ｅ２スカチャンＨＤ
null,19423,2010,Ｊ１,第９節第１日,05/01(土),16:05,川崎フロンターレ,湘南ベルマーレ,等々力陸上競技場,スカパー・ｅ２（ＴＢＳチャンネル）／ＢＳ－ＴＢＳ
null,9203,2010,Ｊ１,第９節第１日,05/01(土),19:00,大宮アルディージャ,京都サンガF.C.,ＮＡＣＫ５スタジアム大宮,スカパー（スカチャンＨＤ、スカチャン）／ｅ２スカチャン
null,19549,2010,Ｊ１,第９節第１日,05/01(土),19:04,サンフレッチェ広島,ＦＣ東京,広島ビッグアーチ,スカパー（スカチャンＨＤ、スカチャン）／ｅ２スカチャンＨＤ
null,8489,2010,Ｊ２,第１０節第１日,05/02(日),13:03,横浜ＦＣ,ヴァンフォーレ甲府,ニッパツ三ツ沢球技場,スカパースカチャン／ｅ２スカチャン
null,7881,2010,Ｊ２,第１０節第１日,05/02(日),13:03,ファジアーノ岡山,ギラヴァンツ北九州,ｋａｎｋｏスタジアム,スカパースカチャン／ｅ２スカチャン
null,6806,2010,Ｊ２,第１０節第１日,05/02(日),13:04,ロアッソ熊本,コンサドーレ札幌,熊本市水前寺競技場,スカパースカチャン／ｅ２スカチャン
null,3543,2010,Ｊ２,第１０節第１日,05/02(日),16:03,ＦＣ岐阜,ザスパ草津,岐阜メモリアルセンター長良川球技メドウ,スカパースカチャン／ｅ２スカチャン
null,8508,2010,Ｊ２,第１０節第１日,05/02(日),16:04,柏レイソル,愛媛ＦＣ,日立柏サッカー場,スカパースカチャン／ｅ２スカチャン
null,13831,2010,Ｊ２,第１０節第１日,05/02(日),16:04,大分トリニータ,ジェフユナイテッド千葉,大分銀行ドーム,スカパースカチャン／ｅ２スカチャン
null,4137,2010,Ｊ２,第１０節第１日,05/02(日),19:03,栃木ＳＣ,徳島ヴォルティス,栃木県グリーンスタジアム,スカパースカチャン／ｅ２スカチャン／とちぎテレビ
null,3575,2010,Ｊ２,第１０節第１日,05/02(日),19:03,東京ヴェルディ,サガン鳥栖,味の素スタジアム,スカパースカチャン／ｅ２スカチャン
null,3664,2010,Ｊ２,第１０節第１日,05/02(日),19:04,カターレ富山,水戸ホーリーホック,富山県総合運動公園陸上競技場,スカパースカチャン／ｅ２スカチャン
null,11650,2010,Ｊ１,第１０節第１日,05/05(水・祝),13:03,湘南ベルマーレ,ヴィッセル神戸,平塚競技場,スカパー（スカチャンＨＤ、スカチャン）／ｅ２スカチャン
null,14016,2010,Ｊ１,第１０節第１日,05/05(水・祝),13:04,京都サンガF.C.,清水エスパルス,京都市西京極総合運動公園陸上競技場兼球技場,スカパー（スカチャンＨＤ、スカチャン）／ｅ２スカチャンＨＤ／ＫＢＳ京都（録）／ＮＨＫ京都
null,55410,2010,Ｊ１,第１０節第１日,05/05(水・祝),14:04,浦和レッズ,名古屋グランパス,埼玉スタジアム２００２,スカパー（スカチャンＨＤ、スカチャン）／ｅ２スカチャン／ＮＨＫ総合／テレ玉（録）
null,26406,2010,Ｊ１,第１０節第１日,05/05(水・祝),14:04,ＦＣ東京,ベガルタ仙台,味の素スタジアム,スカパー・ｅ２（ＴＢＳチャンネル）／ＢＳ－ＴＢＳ／ＴＯＫＹＯ　ＭＸ
null,21761,2010,Ｊ１,第１０節第１日,05/05(水・祝),14:05,セレッソ大阪,鹿島アントラーズ,大阪長居スタジアム,スカパー（スカチャンＨＤ、スカチャン）／ｅ２スカチャン／ＮＨＫ大阪
null,12020,2010,Ｊ１,第１０節第１日,05/05(水・祝),16:03,ジュビロ磐田,サンフレッチェ広島,ヤマハスタジアム（磐田）,スカパー（スカチャンＨＤ、スカチャン）／ｅ２スカチャンＨＤ
null,41002,2010,Ｊ１,第１０節第１日,05/05(水・祝),16:04,アルビレックス新潟,横浜Ｆ・マリノス,東北電力ビッグスワンスタジアム,スカパー（スカチャンＨＤ、スカチャン）／ｅ２スカチャン／ＢＳ
null,20317,2010,Ｊ１,第１０節第１日,05/05(水・祝),19:03,ガンバ大阪,川崎フロンターレ,万博記念競技場,スカパー（スカチャンＨＤ、スカチャン）／ｅ２スカチャンＨＤ
null,9537,2010,Ｊ１,第１０節第１日,05/05(水・祝),19:04,モンテディオ山形,大宮アルディージャ,ＮＤソフトスタジアム山形,スカパー（スカチャンＨＤ、スカチャン）／ｅ２スカチャン
null,4959,2010,Ｊ２,第１１節第１日,05/05(水・祝),13:04,徳島ヴォルティス,ＦＣ岐阜,鳴門・大塚スポーツパークポカリスエットスタジアム,スカパースカチャン／ｅ２スカチャン（録）
null,4694,2010,Ｊ２,第１１節第１日,05/05(水・祝),13:05,ザスパ草津,ギラヴァンツ北九州,正田醤油スタジアム群馬,スカパースカチャン／ｅ２スカチャン（録）／群馬テレビ
null,13268,2010,Ｊ２,第１１節第１日,05/05(水・祝),14:04,コンサドーレ札幌,東京ヴェルディ,札幌ドーム,スカパースカチャン／ｅ２スカチャン／ＮＨＫ札幌
null,15600,2010,Ｊ２,第１１節第１日,05/05(水・祝),14:04,ヴァンフォーレ甲府,柏レイソル,山梨県小瀬スポーツ公園陸上競技場,スカパースカチャン／ｅ２スカチャン（録）／ＮＨＫ甲府
null,8850,2010,Ｊ２,第１１節第１日,05/05(水・祝),14:04,アビスパ福岡,ロアッソ熊本,レベルファイブスタジアム,スカパースカチャン／ｅ２スカチャン（録）／ＮＨＫ福岡／ＮＨＫ熊本
null,10313,2010,Ｊ２,第１１節第１日,05/05(水・祝),18:03,ジェフユナイテッド千葉,カターレ富山,フクダ電子アリーナ,スカパースカチャン／ｅ２スカチャン
null,3466,2010,Ｊ２,第１１節第１日,05/05(水・祝),18:04,水戸ホーリーホック,横浜ＦＣ,ケーズデンキスタジアム水戸,スカパースカチャン／ｅ２スカチャン
null,5489,2010,Ｊ２,第１１節第１日,05/05(水・祝),19:03,サガン鳥栖,ファジアーノ岡山,ベストアメニティスタジアム,スカパースカチャン／ｅ２スカチャン
null,2787,2010,Ｊ２,第１１節第１日,05/05(水・祝),19:04,愛媛ＦＣ,栃木ＳＣ,ニンジニアスタジアム,スカパースカチャン／ｅ２スカチャン（録）
null,48246,2010,Ｊ１,第１１節第１日,05/08(土),14:01,浦和レッズ,横浜Ｆ・マリノス,埼玉スタジアム２００２,スカパー・ｅ２（ＴＢＳチャンネル）／ＴＢＳ（単）／テレ玉（録）
null,15396,2010,Ｊ１,第１１節第１日,05/08(土),15:04,清水エスパルス,アルビレックス新潟,アウトソーシングスタジアム日本平,スカパー（スカチャンＨＤ、スカチャン）／ｅ２スカチャンＨＤ／静岡放送
null,13676,2010,Ｊ１,第１１節第１日,05/08(土),19:05,ヴィッセル神戸,ジュビロ磐田,ホームズスタジアム神戸,スカパー（スカチャンＨＤ、スカチャン）／ｅ２スカチャンＨＤ／ＢＳ
null,3036,2010,Ｊ２,第１２節第１日,05/08(土),13:03,ロアッソ熊本,愛媛ＦＣ,熊本市水前寺競技場,スカパースカチャン／ｅ２スカチャン
null,3337,2010,Ｊ２,第１２節第１日,05/08(土),16:03,東京ヴェルディ,ザスパ草津,味の素スタジアム,スカパースカチャン／ｅ２スカチャン
null,17239,2010,Ｊ１,第１１節第２日,05/09(日),13:04,ベガルタ仙台,名古屋グランパス,ユアテックスタジアム仙台,スカパー（スカチャンＨＤ、スカチャン）／ｅ２スカチャンＨＤ
null,11176,2010,Ｊ１,第１１節第２日,05/09(日),16:04,モンテディオ山形,ＦＣ東京,ＮＤソフトスタジアム山形,スカパー（スカチャンＨＤ、スカチャン）／ｅ２スカチャンＨＤ
null,3343,2010,Ｊ２,第１２節第２日,05/09(日),13:04,カターレ富山,ファジアーノ岡山,富山県総合運動公園陸上競技場,スカパースカチャン／ｅ２スカチャン（録）
null,3248,2010,Ｊ２,第１２節第２日,05/09(日),13:04,ＦＣ岐阜,柏レイソル,岐阜メモリアルセンター長良川球技メドウ,スカパースカチャン／ｅ２スカチャン
null,12163,2010,Ｊ２,第１２節第２日,05/09(日),14:03,ジェフユナイテッド千葉,アビスパ福岡,フクダ電子アリーナ,スカパースカチャン／ｅ２スカチャン
null,12013,2010,Ｊ２,第１２節第２日,05/09(日),14:03,ヴァンフォーレ甲府,徳島ヴォルティス,山梨県小瀬スポーツ公園陸上競技場,スカパースカチャン／ｅ２スカチャン（録）
null,4061,2010,Ｊ２,第１２節第２日,05/09(日),14:03,ギラヴァンツ北九州,コンサドーレ札幌,北九州市立本城陸上競技場,スカパースカチャン／ｅ２スカチャン
null,11718,2010,Ｊ２,第１２節第２日,05/09(日),14:04,大分トリニータ,サガン鳥栖,大分銀行ドーム,スカパースカチャン／ｅ２スカチャン
null,4426,2010,Ｊ２,第１２節第２日,05/09(日),15:03,横浜ＦＣ,栃木ＳＣ,ニッパツ三ツ沢球技場,スカパースカチャン／ｅ２スカチャン（録）
null,28114,2010,Ｊ１,第１２節第１日,05/15(土),14:04,ＦＣ東京,清水エスパルス,味の素スタジアム,スカパー（スカチャンＨＤ、スカチャン）／ｅ２スカチャンＨＤ／ＮＨＫ総合
null,35858,2010,Ｊ１,第１２節第１日,05/15(土),14:04,アルビレックス新潟,モンテディオ山形,東北電力ビッグスワンスタジアム,スカパー（スカチャンＨＤ、スカチャン）／ｅ２スカチャンＨＤ／ＮＨＫ新潟／ＮＨＫ山形
null,13127,2010,Ｊ１,第１２節第１日,05/15(土),15:03,横浜Ｆ・マリノス,京都サンガF.C.,ニッパツ三ツ沢球技場,スカパー・ｅ２（Ｊ　ｓｐｏｒｔｓ　Ｐｌｕｓ）
null,24162,2010,Ｊ１,第１２節第１日,05/15(土),17:04,ベガルタ仙台,浦和レッズ,宮城スタジアム,スカパー（スカチャンＨＤ、スカチャン）／ｅ２スカチャンＨＤ
null,17001,2010,Ｊ１,第１２節第１日,05/15(土),17:05,セレッソ大阪,ヴィッセル神戸,大阪長居スタジアム,スカパー（スカチャンＨＤ、スカチャン）／ｅ２スカチャンＨＤ
null,2341,2010,Ｊ２,第１３節第１日,05/15(土),13:04,水戸ホーリーホック,ロアッソ熊本,ケーズデンキスタジアム水戸,スカパースカチャン／ｅ２スカチャン
null,3437,2010,Ｊ２,第１３節第１日,05/15(土),13:04,愛媛ＦＣ,ギラヴァンツ北九州,ニンジニアスタジアム,スカパースカチャン／ｅ２スカチャン
null,4620,2010,Ｊ２,第１３節第１日,05/15(土),16:03,サガン鳥栖,ＦＣ岐阜,ベストアメニティスタジアム,スカパースカチャン／ｅ２スカチャン
null,4699,2010,Ｊ２,第１３節第１日,05/15(土),19:04,ザスパ草津,ヴァンフォーレ甲府,正田醤油スタジアム群馬,スカパースカチャン／ｅ２スカチャン
null,14760,2010,Ｊ１,第１２節第２日,05/16(日),14:03,ジュビロ磐田,川崎フロンターレ,ヤマハスタジアム（磐田）,スカパー・ｅ２（Ｊ　ｓｐｏｒｔｓ　Ｐｌｕｓ）／ＮＨＫ静岡
null,10258,2010,Ｊ１,第１２節第２日,05/16(日),15:05,大宮アルディージャ,サンフレッチェ広島,ＮＡＣＫ５スタジアム大宮,スカパー・ｅ２（ＴＢＳチャンネル）／ＢＳ－ＴＢＳ
null,34098,2010,Ｊ１,第１２節第２日,05/16(日),16:03,名古屋グランパス,鹿島アントラーズ,豊田スタジアム,スカパー（スカチャンＨＤ、スカチャン）／ｅ２スカチャンＨＤ
null,13797,2010,Ｊ１,第１２節第２日,05/16(日),19:04,湘南ベルマーレ,ガンバ大阪,平塚競技場,スカパー（スカチャンＨＤ、スカチャン）／ｅ２スカチャンＨＤ／ＢＳ
null,7208,2010,Ｊ２,第１３節第２日,05/16(日),13:03,コンサドーレ札幌,大分トリニータ,室蘭市入江運動公園陸上競技場,スカパースカチャン／ｅ２スカチャン
null,7584,2010,Ｊ２,第１３節第２日,05/16(日),13:03,ファジアーノ岡山,東京ヴェルディ,ｋａｎｋｏスタジアム,スカパースカチャン／ｅ２スカチャン（録）／岡山放送
null,6137,2010,Ｊ２,第１３節第２日,05/16(日),13:03,アビスパ福岡,横浜ＦＣ,レベルファイブスタジアム,スカパースカチャン／ｅ２スカチャン／テレビ西日本（録）
null,3330,2010,Ｊ２,第１３節第２日,05/16(日),16:03,栃木ＳＣ,カターレ富山,栃木県グリーンスタジアム,スカパースカチャン／ｅ２スカチャン／とちぎテレビ（録）
null,7010,2010,Ｊ２,第１３節第２日,05/16(日),16:04,柏レイソル,徳島ヴォルティス,日立柏サッカー場,スカパースカチャン／ｅ２スカチャン
null,2803,2010,Ｊ２,第１４節第１日,05/22(土),13:03,ロアッソ熊本,栃木ＳＣ,熊本市水前寺競技場,スカパースカチャン／ｅ２スカチャン（録）
null,4555,2010,Ｊ２,第１４節第１日,05/22(土),13:04,カターレ富山,柏レイソル,富山県総合運動公園陸上競技場,スカパースカチャン／ｅ２スカチャン／ＮＨＫ富山
null,2473,2010,Ｊ２,第１４節第１日,05/22(土),13:04,ＦＣ岐阜,水戸ホーリーホック,岐阜メモリアルセンター長良川球技メドウ,スカパースカチャン／ｅ２スカチャン（録）
null,4363,2010,Ｊ２,第１４節第１日,05/22(土),14:04,徳島ヴォルティス,コンサドーレ札幌,鳴門・大塚スポーツパークポカリスエットスタジアム,スカパースカチャン／ｅ２スカチャン／ＮＨＫ徳島
null,7398,2010,Ｊ２,第１４節第１日,05/22(土),14:04,ギラヴァンツ北九州,アビスパ福岡,北九州市立本城陸上競技場,スカパースカチャン／ｅ２スカチャンＨＤ／ＮＨＫ北九州／ＮＨＫ福岡
null,10568,2010,Ｊ２,第１４節第１日,05/22(土),16:03,ヴァンフォーレ甲府,ファジアーノ岡山,山梨県小瀬スポーツ公園陸上競技場,スカパースカチャン／ｅ２スカチャン
null,8222,2010,Ｊ２,第１４節第１日,05/22(土),16:04,大分トリニータ,愛媛ＦＣ,大分銀行ドーム,スカパースカチャン／ｅ２スカチャン（録）
null,12428,2010,Ｊ２,第１４節第１日,05/22(土),19:03,ジェフユナイテッド千葉,東京ヴェルディ,フクダ電子アリーナ,スカパースカチャン／ｅ２スカチャン
null,4749,2010,Ｊ２,第１４節第１日,05/22(土),19:03,横浜ＦＣ,サガン鳥栖,ニッパツ三ツ沢球技場,スカパースカチャン／ｅ２スカチャン
null,5041,2010,Ｊ２,第１５節第１日,05/29(土),13:03,アビスパ福岡,徳島ヴォルティス,レベルファイブスタジアム,スカパースカチャン／ｅ２スカチャン
null,5906,2010,Ｊ２,第１５節第１日,05/29(土),13:04,水戸ホーリーホック,ジェフユナイテッド千葉,ケーズデンキスタジアム水戸,スカパースカチャン／ｅ２スカチャン／ＮＨＫ水戸＊
null,6067,2010,Ｊ２,第１５節第１日,05/29(土),15:34,ロアッソ熊本,大分トリニータ,熊本市水前寺競技場,スカパースカチャン／ｅ２スカチャン／熊本放送
null,5728,2010,Ｊ２,第１５節第１日,05/29(土),16:03,サガン鳥栖,ギラヴァンツ北九州,ベストアメニティスタジアム,スカパースカチャン／ｅ２スカチャン
null,10630,2010,Ｊ２,第１５節第１日,05/29(土),19:04,愛媛ＦＣ,ヴァンフォーレ甲府,ニンジニアスタジアム,スカパースカチャン／ｅ２スカチャン
null,7614,2010,Ｊ２,第１５節第２日,05/30(日),13:03,コンサドーレ札幌,カターレ富山,札幌厚別公園競技場,スカパースカチャン／ｅ２スカチャン
null,3294,2010,Ｊ２,第１５節第２日,05/30(日),13:03,栃木ＳＣ,ＦＣ岐阜,栃木県グリーンスタジアム,スカパースカチャン／ｅ２スカチャン／とちぎテレビ（録）
null,6761,2010,Ｊ２,第１５節第２日,05/30(日),16:03,東京ヴェルディ,横浜ＦＣ,国立競技場,スカパースカチャン／ｅ２スカチャン
null,7436,2010,Ｊ２,第１５節第２日,05/30(日),16:04,柏レイソル,ザスパ草津,日立柏サッカー場,スカパースカチャン／ｅ２スカチャン
null,3887,2010,Ｊ２,第１６節第１日,06/05(土),13:03,横浜ＦＣ,ＦＣ岐阜,ニッパツ三ツ沢球技場,スカパースカチャン／ｅ２スカチャン
null,9382,2010,Ｊ２,第１６節第１日,06/05(土),13:04,ザスパ草津,コンサドーレ札幌,正田醤油スタジアム群馬,スカパースカチャン／ｅ２スカチャン／群馬テレビ（録）
null,3139,2010,Ｊ２,第１６節第１日,06/05(土),16:04,カターレ富山,サガン鳥栖,富山県総合運動公園陸上競技場,スカパースカチャン／ｅ２スカチャン
null,3224,2010,Ｊ２,第１６節第１日,06/05(土),16:04,徳島ヴォルティス,水戸ホーリーホック,鳴門・大塚スポーツパークポカリスエットスタジアム,スカパースカチャン／ｅ２スカチャン
null,8917,2010,Ｊ２,第１６節第１日,06/05(土),19:03,ファジアーノ岡山,柏レイソル,ｋａｎｋｏスタジアム,スカパースカチャン／ｅ２スカチャン
null,3858,2010,Ｊ２,第１６節第２日,06/06(日),13:03,栃木ＳＣ,アビスパ福岡,栃木県グリーンスタジアム,スカパースカチャン／ｅ２スカチャン／とちぎテレビ（録）
null,10281,2010,Ｊ２,第１６節第２日,06/06(日),13:04,大分トリニータ,東京ヴェルディ,大分銀行ドーム,スカパースカチャン／ｅ２スカチャン
null,11324,2010,Ｊ２,第１６節第２日,06/06(日),16:03,ジェフユナイテッド千葉,愛媛ＦＣ,フクダ電子アリーナ,スカパースカチャン／ｅ２スカチャン
null,2941,2010,Ｊ２,第１６節第２日,06/06(日),16:03,ギラヴァンツ北九州,ヴァンフォーレ甲府,北九州市立本城陸上競技場,スカパースカチャン／ｅ２スカチャン
null,3316,2010,Ｊ２,第１７節第１日,06/12(土),13:03,東京ヴェルディ,カターレ富山,駒沢オリンピック公園総合運動場陸上競技場,スカパースカチャン／ｅ２スカチャン
null,3357,2010,Ｊ２,第１７節第１日,06/12(土),13:04,ロアッソ熊本,徳島ヴォルティス,熊本市水前寺競技場,スカパースカチャン／ｅ２スカチャン
null,16431,2010,Ｊ２,第１７節第１日,06/12(土),16:03,ヴァンフォーレ甲府,ジェフユナイテッド千葉,山梨県小瀬スポーツ公園陸上競技場,スカパースカチャン／ｅ２スカチャン
null,4895,2010,Ｊ２,第１７節第１日,06/12(土),16:03,サガン鳥栖,栃木ＳＣ,ベストアメニティスタジアム,スカパースカチャン／ｅ２スカチャン
null,2920,2010,Ｊ２,第１７節第１日,06/12(土),19:04,ＦＣ岐阜,ファジアーノ岡山,岐阜メモリアルセンター長良川球技メドウ,スカパースカチャン／ｅ２スカチャン
null,6967,2010,Ｊ２,第１７節第２日,06/13(日),13:03,コンサドーレ札幌,愛媛ＦＣ,函館市千代台公園陸上競技場,スカパースカチャン／ｅ２スカチャン
null,3138,2010,Ｊ２,第１７節第２日,06/13(日),13:04,水戸ホーリーホック,ザスパ草津,ケーズデンキスタジアム水戸,スカパースカチャン／ｅ２スカチャン
null,10706,2010,Ｊ２,第１７節第２日,06/13(日),16:03,アビスパ福岡,大分トリニータ,レベルファイブスタジアム,スカパースカチャン／ｅ２スカチャン
null,7381,2010,Ｊ２,第１７節第２日,06/13(日),16:04,柏レイソル,ギラヴァンツ北九州,日立柏サッカー場,スカパースカチャン／ｅ２スカチャン
null,17722,2010,Ｊ１,第１１節第３日,07/14(水),19:03,川崎フロンターレ,大宮アルディージャ,等々力陸上競技場,スカパー（スカチャンＨＤ、スカチャン）／ｅ２スカチャン
null,9472,2010,Ｊ１,第１１節第３日,07/14(水),19:04,鹿島アントラーズ,湘南ベルマーレ,県立カシマサッカースタジアム,スカパー（スカチャンＨＤ、スカチャン）／ｅ２スカチャンＨＤ
null,5334,2010,Ｊ１,第１１節第３日,07/14(水),19:04,サンフレッチェ広島,セレッソ大阪,広島ビッグアーチ,スカパー（スカチャンＨＤ、スカチャン）／ｅ２スカチャン
null,9093,2010,Ｊ１,第１１節第３日,07/14(水),19:05,ガンバ大阪,京都サンガF.C.,万博記念競技場,スカパー・ｅ２（ＴＢＳチャンネル）／ＢＳ－ＴＢＳ
null,11412,2010,Ｊ１,第１３節第１日,07/17(土),18:03,大宮アルディージャ,名古屋グランパス,ＮＡＣＫ５スタジアム大宮,スカパー・ｅ２（Ｊ　ｓｐｏｒｔｓ　Ｐｌｕｓ）／テレ玉
null,19968,2010,Ｊ１,第１３節第１日,07/17(土),18:33,清水エスパルス,ジュビロ磐田,アウトソーシングスタジアム日本平,スカパー（スカチャンＨＤ、スカチャン）／ｅ２スカチャン
null,25781,2010,Ｊ１,第１３節第１日,07/17(土),18:34,ＦＣ東京,ヴィッセル神戸,味の素スタジアム,スカパー（スカチャンＨＤ、スカチャン）／ｅ２スカチャン／ＴＯＫＹＯ　ＭＸ
null,34206,2010,Ｊ１,第１３節第１日,07/17(土),19:03,アルビレックス新潟,セレッソ大阪,東北電力ビッグスワンスタジアム,スカパー（スカチャンＨＤ、スカチャン）／ｅ２スカチャン
null,20231,2010,Ｊ１,第１３節第１日,07/17(土),19:04,モンテディオ山形,ベガルタ仙台,ＮＤソフトスタジアム山形,スカパー（スカチャンＨＤ、スカチャン）／ｅ２スカチャンＨＤ
null,26607,2010,Ｊ１,第１３節第１日,07/17(土),19:04,鹿島アントラーズ,川崎フロンターレ,県立カシマサッカースタジアム,スカパー（スカチャンＨＤ、スカチャン）／ｅ２スカチャン／ＢＳ
null,8121,2010,Ｊ２,第１８節第１日,07/17(土),18:03,横浜ＦＣ,柏レイソル,ニッパツ三ツ沢球技場,スカパースカチャン／ｅ２スカチャン（録）
null,5867,2010,Ｊ２,第１８節第１日,07/17(土),18:05,愛媛ＦＣ,カターレ富山,ニンジニアスタジアム,スカパースカチャン／ｅ２スカチャン（録）
null,3160,2010,Ｊ２,第１８節第１日,07/17(土),19:04,ザスパ草津,アビスパ福岡,正田醤油スタジアム群馬,スカパースカチャン／ｅ２スカチャン（録）／群馬テレビ
null,11705,2010,Ｊ１,第１３節第２日,07/18(日),18:04,京都サンガF.C.,湘南ベルマーレ,京都市西京極総合運動公園陸上競技場兼球技場,スカパー（スカチャンＨＤ、スカチャン）／ｅ２スカチャン／ＫＢＳ京都
null,20201,2010,Ｊ１,第１３節第２日,07/18(日),18:05,ガンバ大阪,浦和レッズ,万博記念競技場,スカパー・ｅ２（ＴＢＳチャンネル）／ＢＳ－ＴＢＳ／毎日放送（録）
null,23948,2010,Ｊ１,第１３節第２日,07/18(日),19:04,サンフレッチェ広島,横浜Ｆ・マリノス,広島ビッグアーチ,スカパー（スカチャンＨＤ、スカチャン）／ｅ２スカチャンＨＤ
null,5325,2010,Ｊ２,第１８節第２日,07/18(日),18:03,栃木ＳＣ,東京ヴェルディ,栃木県グリーンスタジアム,スカパースカチャン／ｅ２スカチャン（録）／とちぎテレビ
null,5072,2010,Ｊ２,第１８節第２日,07/18(日),18:03,ギラヴァンツ北九州,ロアッソ熊本,北九州市立本城陸上競技場,スカパースカチャン／ｅ２スカチャン
null,14518,2010,Ｊ２,第１８節第２日,07/18(日),18:04,大分トリニータ,ヴァンフォーレ甲府,大分銀行ドーム,スカパースカチャン／ｅ２スカチャン
null,15716,2010,Ｊ２,第１８節第２日,07/18(日),19:03,ジェフユナイテッド千葉,コンサドーレ札幌,フクダ電子アリーナ,スカパースカチャン／ｅ２スカチャン
null,7855,2010,Ｊ２,第１８節第２日,07/18(日),19:03,ファジアーノ岡山,水戸ホーリーホック,ｋａｎｋｏスタジアム,スカパースカチャン／ｅ２スカチャン（録）
null,4952,2010,Ｊ２,第１８節第３日,07/19(月・祝),18:34,徳島ヴォルティス,サガン鳥栖,鳴門・大塚スポーツパークポカリスエットスタジアム,スカパースカチャン／ｅ２スカチャン
null,37470,2010,Ｊ１,第１４節第１日,07/24(土),18:03,浦和レッズ,サンフレッチェ広島,埼玉スタジアム２００２,スカパー（スカチャンＨＤ、スカチャン）／ｅ２スカチャンＨＤ
null,14973,2010,Ｊ１,第１４節第１日,07/24(土),18:03,ジュビロ磐田,鹿島アントラーズ,ヤマハスタジアム（磐田）,スカパー・ｅ２（Ｊ　ｓｐｏｒｔｓ　Ｐｌｕｓ）
null,19880,2010,Ｊ１,第１４節第１日,07/24(土),18:04,セレッソ大阪,モンテディオ山形,大阪長居スタジアム,スカパー（スカチャンＨＤ、スカチャン）／ｅ２スカチャン
null,17281,2010,Ｊ１,第１４節第１日,07/24(土),19:04,ベガルタ仙台,アルビレックス新潟,ユアテックスタジアム仙台,スカパー（スカチャンＨＤ、スカチャン）／ｅ２スカチャン
null,39005,2010,Ｊ１,第１４節第１日,07/24(土),19:04,横浜Ｆ・マリノス,ガンバ大阪,日産スタジアム,スカパー（スカチャンＨＤ、スカチャン）／ｅ２スカチャン／ＢＳ
null,17534,2010,Ｊ１,第１４節第１日,07/24(土),19:05,名古屋グランパス,清水エスパルス,名古屋市瑞穂陸上競技場,スカパー（スカチャンＨＤ、スカチャン）／ｅ２スカチャン
null,3427,2010,Ｊ２,第１９節第１日,07/24(土),18:04,カターレ富山,ロアッソ熊本,富山県総合運動公園陸上競技場,スカパースカチャン／ｅ２スカチャン（録）
null,8724,2010,Ｊ２,第１９節第１日,07/24(土),18:04,アビスパ福岡,ファジアーノ岡山,レベルファイブスタジアム,スカパースカチャン／ｅ２スカチャン（録）
null,2763,2010,Ｊ２,第１９節第１日,07/24(土),18:05,ＦＣ岐阜,愛媛ＦＣ,岐阜メモリアルセンター長良川球技メドウ,スカパースカチャン／ｅ２スカチャン（録）
null,12737,2010,Ｊ１,第１４節第２日,07/25(日),18:05,湘南ベルマーレ,ＦＣ東京,平塚競技場,スカパー・ｅ２（ＴＢＳチャンネル）／ＢＳ－ＴＢＳ
null,10081,2010,Ｊ１,第１４節第２日,07/25(日),18:05,ヴィッセル神戸,大宮アルディージャ,ホームズスタジアム神戸,スカパー（スカチャンＨＤ、スカチャン）／ｅ２スカチャン
null,17862,2010,Ｊ１,第１４節第２日,07/25(日),19:03,川崎フロンターレ,京都サンガF.C.,等々力陸上競技場,スカパー・ｅ２（Ｊ　ｓｐｏｒｔｓ　Ｐｌｕｓ）
null,26875,2010,Ｊ２,第１９節第２日,07/25(日),16:04,コンサドーレ札幌,横浜ＦＣ,札幌ドーム,スカパースカチャン／ｅ２スカチャン／ＢＳ
null,2512,2010,Ｊ２,第１９節第２日,07/25(日),18:03,東京ヴェルディ,徳島ヴォルティス,西が丘サッカー場,スカパースカチャン／ｅ２スカチャン（録）
null,10768,2010,Ｊ２,第１９節第２日,07/25(日),18:04,柏レイソル,ジェフユナイテッド千葉,日立柏サッカー場,スカパースカチャン／ｅ２スカチャン／千葉テレビ１８：１５（試合途中）より生中継
null,12121,2010,Ｊ２,第１９節第２日,07/25(日),18:04,ヴァンフォーレ甲府,栃木ＳＣ,山梨県小瀬スポーツ公園陸上競技場,スカパースカチャン／ｅ２スカチャン（録）
null,5696,2010,Ｊ２,第１９節第２日,07/25(日),19:04,サガン鳥栖,ザスパ草津,ベストアメニティスタジアム,スカパースカチャン／ｅ２スカチャン
null,13317,2010,Ｊ１,第１５節第１日,07/27(火),19:03,清水エスパルス,セレッソ大阪,アウトソーシングスタジアム日本平,スカパー（スカチャンＨＤ、スカチャン）／ｅ２スカチャン
null,10685,2010,Ｊ１,第１５節第１日,07/27(火),19:04,鹿島アントラーズ,アルビレックス新潟,県立カシマサッカースタジアム,スカパー（スカチャンＨＤ、スカチャン）／ｅ２スカチャンＨＤ
null,12139,2010,Ｊ１,第１５節第１日,07/27(火),19:05,ベガルタ仙台,サンフレッチェ広島,ユアテックスタジアム仙台,スカパー・ｅ２（Ｊ　ｓｐｏｒｔｓ　Ｐｌｕｓ）
null,9981,2010,Ｊ１,第１５節第２日,07/28(水),19:00,大宮アルディージャ,横浜Ｆ・マリノス,ＮＡＣＫ５スタジアム大宮,スカパー（スカチャンＨＤ、スカチャン）／ｅ２スカチャン
null,16887,2010,Ｊ１,第１５節第２日,07/28(水),19:03,ヴィッセル神戸,ガンバ大阪,ホームズスタジアム神戸,スカパー・ｅ２（Ｊ　ｓｐｏｒｔｓ　Ｐｌｕｓ）
null,12045,2010,Ｊ１,第１５節第２日,07/28(水),19:04,モンテディオ山形,川崎フロンターレ,ＮＤソフトスタジアム山形,スカパー（スカチャンＨＤ、スカチャン）／ｅ２スカチャン／ＢＳ
null,26534,2010,Ｊ１,第１５節第２日,07/28(水),19:04,ＦＣ東京,ジュビロ磐田,国立競技場,スカパー・ｅ２（ＴＢＳチャンネル）／ＢＳ－ＴＢＳ
null,7991,2010,Ｊ１,第１５節第２日,07/28(水),19:04,名古屋グランパス,湘南ベルマーレ,名古屋市瑞穂陸上競技場,スカパー（スカチャンＨＤ、スカチャン）／ｅ２スカチャン
null,10530,2010,Ｊ１,第１５節第２日,07/28(水),19:04,京都サンガF.C.,浦和レッズ,京都市西京極総合運動公園陸上競技場兼球技場,スカパー（スカチャンＨＤ、スカチャン）／ｅ２スカチャンＨＤ
null,11290,2010,Ｊ２,第２０節第１日,07/30(金),19:33,ファジアーノ岡山,コンサドーレ札幌,ｋａｎｋｏスタジアム,スカパースカチャン／ｅ２スカチャン
null,40326,2010,Ｊ１,第１６節第１日,07/31(土),18:03,浦和レッズ,大宮アルディージャ,埼玉スタジアム２００２,スカパー（スカチャンＨＤ、スカチャン）／ｅ２スカチャン
null,36910,2010,Ｊ１,第１６節第１日,07/31(土),19:03,アルビレックス新潟,ＦＣ東京,東北電力ビッグスワンスタジアム,スカパー・ｅ２（Ｊ　ｓｐｏｒｔｓ　Ｐｌｕｓ）
null,10021,2010,Ｊ１,第１６節第１日,07/31(土),19:03,ジュビロ磐田,セレッソ大阪,ヤマハスタジアム（磐田）,スカパー（スカチャンＨＤ、スカチャン）／ｅ２スカチャン
null,16415,2010,Ｊ１,第１６節第１日,07/31(土),19:04,鹿島アントラーズ,ヴィッセル神戸,県立カシマサッカースタジアム,スカパー（スカチャンＨＤ、スカチャン）／ｅ２スカチャン／ＢＳ
null,29964,2010,Ｊ１,第１６節第１日,07/31(土),19:05,横浜Ｆ・マリノス,名古屋グランパス,日産スタジアム,スカパー・ｅ２（ＴＢＳチャンネル）／ＢＳ－ＴＢＳ
null,4218,2010,Ｊ２,第２０節第２日,07/31(土),18:03,栃木ＳＣ,横浜ＦＣ,栃木県グリーンスタジアム,スカパースカチャン／ｅ２スカチャン（録）／とちぎテレビ
null,12523,2010,Ｊ２,第２０節第２日,07/31(土),18:34,ヴァンフォーレ甲府,東京ヴェルディ,山梨県小瀬スポーツ公園陸上競技場,スカパースカチャン／ｅ２スカチャン（録）
null,13122,2010,Ｊ２,第２０節第２日,07/31(土),19:03,ジェフユナイテッド千葉,大分トリニータ,フクダ電子アリーナ,スカパースカチャン／ｅ２スカチャン
null,11036,2010,Ｊ１,第１６節第２日,08/01(日),18:03,ガンバ大阪,モンテディオ山形,石川県西部緑地公園陸上競技場,スカパー・ｅ２（Ｊ　ｓｐｏｒｔｓ　Ｐｌｕｓ）
null,16193,2010,Ｊ１,第１６節第２日,08/01(日),18:04,サンフレッチェ広島,京都サンガF.C.,広島ビッグアーチ,スカパー（スカチャンＨＤ、スカチャン）／ｅ２スカチャン
null,16326,2010,Ｊ１,第１６節第２日,08/01(日),19:03,川崎フロンターレ,ベガルタ仙台,等々力陸上競技場,スカパー（スカチャンＨＤ、スカチャン）／ｅ２スカチャンＨＤ
null,13316,2010,Ｊ１,第１６節第２日,08/01(日),19:03,湘南ベルマーレ,清水エスパルス,平塚競技場,スカパー（スカチャンＨＤ、スカチャン）／ｅ２スカチャン
null,2389,2010,Ｊ２,第２０節第３日,08/01(日),18:03,ギラヴァンツ北九州,水戸ホーリーホック,北九州市立本城陸上競技場,スカパースカチャン／ｅ２スカチャン（録）
null,6169,2010,Ｊ２,第２０節第３日,08/01(日),18:04,カターレ富山,ＦＣ岐阜,富山県総合運動公園陸上競技場,スカパースカチャン／ｅ２スカチャン（録）
null,2948,2010,Ｊ２,第２０節第３日,08/01(日),18:04,愛媛ＦＣ,サガン鳥栖,ニンジニアスタジアム,スカパースカチャン／ｅ２スカチャン
null,5828,2010,Ｊ２,第２０節第３日,08/01(日),18:36,徳島ヴォルティス,柏レイソル,鳴門・大塚スポーツパークポカリスエットスタジアム,スカパースカチャン／ｅ２スカチャン
null,8887,2010,Ｊ２,第２０節第３日,08/01(日),19:03,ロアッソ熊本,ザスパ草津,熊本県民総合運動公園陸上競技場,スカパースカチャン／ｅ２スカチャン（録）
null,7831,2010,Ｊ１,第１７節第１日,08/07(土),18:03,大宮アルディージャ,湘南ベルマーレ,熊谷スポーツ文化公園陸上競技場,スカパー（スカチャンＨＤ、スカチャン）／ｅ２スカチャン／テレ玉
null,6818,2010,Ｊ１,第１７節第１日,08/07(土),18:04,京都サンガF.C.,アルビレックス新潟,京都市西京極総合運動公園陸上競技場兼球技場,スカパー（スカチャンＨＤ、スカチャン）／ｅ２スカチャン／ＫＢＳ京都
null,19848,2010,Ｊ１,第１７節第１日,08/07(土),18:33,清水エスパルス,鹿島アントラーズ,アウトソーシングスタジアム日本平,スカパー（スカチャンＨＤ、スカチャン）／ｅ２スカチャンＨＤ
null,18069,2010,Ｊ１,第１７節第１日,08/07(土),19:03,サンフレッチェ広島,ガンバ大阪,広島ビッグアーチ,スカパー・ｅ２（Ｊ　ｓｐｏｒｔｓ　Ｐｌｕｓ）
null,18894,2010,Ｊ１,第１７節第１日,08/07(土),19:04,ベガルタ仙台,横浜Ｆ・マリノス,ユアテックスタジアム仙台,スカパー（スカチャンＨＤ、スカチャン）／ｅ２スカチャン／ＢＳ
null,9041,2010,Ｊ１,第１７節第１日,08/07(土),19:04,モンテディオ山形,ジュビロ磐田,ＮＤソフトスタジアム山形,スカパー（スカチャンＨＤ、スカチャン）／ｅ２スカチャン
null,6703,2010,Ｊ２,第２１節第１日,08/07(土),15:03,コンサドーレ札幌,ギラヴァンツ北九州,札幌厚別公園競技場,スカパースカチャン／ｅ２スカチャン
null,4235,2010,Ｊ２,第２１節第１日,08/07(土),18:03,横浜ＦＣ,ファジアーノ岡山,ニッパツ三ツ沢球技場,スカパースカチャン／ｅ２スカチャン（録）
null,9344,2010,Ｊ２,第２１節第１日,08/07(土),19:04,大分トリニータ,カターレ富山,大分銀行ドーム,スカパースカチャン／ｅ２スカチャン（録）
null,12799,2010,Ｊ１,第１７節第２日,08/08(日),18:04,ヴィッセル神戸,浦和レッズ,ホームズスタジアム神戸,スカパー（スカチャンＨＤ、スカチャン）／ｅ２スカチャンＨＤ
null,14031,2010,Ｊ１,第１７節第２日,08/08(日),18:05,セレッソ大阪,川崎フロンターレ,キンチョウスタジアム,スカパー・ｅ２（ＴＢＳチャンネル）／ＢＳ－ＴＢＳ
null,27990,2010,Ｊ１,第１７節第２日,08/08(日),19:05,ＦＣ東京,名古屋グランパス,味の素スタジアム,スカパー（スカチャンＨＤ、スカチャン）／ｅ２スカチャン／ＢＳ
null,7571,2010,Ｊ２,第２１節第２日,08/08(日),18:03,アビスパ福岡,愛媛ＦＣ,レベルファイブスタジアム,スカパースカチャン／ｅ２スカチャン（録）
null,8825,2010,Ｊ２,第２１節第２日,08/08(日),18:04,柏レイソル,東京ヴェルディ,日立柏サッカー場,スカパースカチャン／ｅ２スカチャン
null,2506,2010,Ｊ２,第２１節第２日,08/08(日),18:04,ＦＣ岐阜,ロアッソ熊本,岐阜メモリアルセンター長良川球技メドウ,スカパースカチャン／ｅ２スカチャン（録）
null,4407,2010,Ｊ２,第２１節第２日,08/08(日),18:35,徳島ヴォルティス,ヴァンフォーレ甲府,鳴門・大塚スポーツパークポカリスエットスタジアム,スカパースカチャン／ｅ２スカチャン
null,7946,2010,Ｊ２,第２１節第２日,08/08(日),19:04,ザスパ草津,栃木ＳＣ,正田醤油スタジアム群馬,スカパースカチャン／ｅ２スカチャン（録）／群馬テレビ
null,7606,2010,Ｊ２,第２１節第２日,08/08(日),19:04,サガン鳥栖,ジェフユナイテッド千葉,ベストアメニティスタジアム,スカパースカチャン／ｅ２スカチャン
null,14118,2010,Ｊ１,第１８節第１日,08/13(金),19:04,モンテディオ山形,アルビレックス新潟,ＮＤソフトスタジアム山形,スカパー（スカチャンＨＤ、スカチャン）／ｅ２スカチャンＨＤ
null,9652,2010,Ｊ１,第１８節第２日,08/14(土),18:04,ヴィッセル神戸,湘南ベルマーレ,ホームズスタジアム神戸,スカパー（スカチャンＨＤ、スカチャン）／ｅ２スカチャン
null,20019,2010,Ｊ１,第１８節第２日,08/14(土),18:34,清水エスパルス,横浜Ｆ・マリノス,アウトソーシングスタジアム日本平,スカパー・ｅ２（ＴＢＳチャンネル）／ＢＳ－ＴＢＳ（録）
null,31715,2010,Ｊ１,第１８節第２日,08/14(土),19:03,名古屋グランパス,浦和レッズ,豊田スタジアム,スカパー（スカチャンＨＤ、スカチャン）／ｅ２スカチャンＨＤ
null,17651,2010,Ｊ１,第１８節第２日,08/14(土),19:04,ベガルタ仙台,ガンバ大阪,ユアテックスタジアム仙台,スカパー（スカチャンＨＤ、スカチャン）／ｅ２スカチャン
null,23640,2010,Ｊ１,第１８節第２日,08/14(土),19:04,鹿島アントラーズ,ＦＣ東京,県立カシマサッカースタジアム,スカパー（スカチャンＨＤ、スカチャン）／ｅ２スカチャン／ＢＳ
null,3670,2010,Ｊ２,第２２節第１日,08/14(土),18:03,栃木ＳＣ,大分トリニータ,栃木県グリーンスタジアム,スカパースカチャン／ｅ２スカチャン／とちぎテレビ
null,10435,2010,Ｊ２,第２２節第１日,08/14(土),19:03,ジェフユナイテッド千葉,ロアッソ熊本,フクダ電子アリーナ,スカパースカチャン／ｅ２スカチャン（録）
null,8157,2010,Ｊ２,第２２節第１日,08/14(土),19:03,ファジアーノ岡山,徳島ヴォルティス,ｋａｎｋｏスタジアム,スカパースカチャン／ｅ２スカチャン（録）
null,9742,2010,Ｊ１,第１８節第３日,08/15(日),18:00,大宮アルディージャ,ジュビロ磐田,ＮＡＣＫ５スタジアム大宮,スカパー（スカチャンＨＤ、スカチャン）／ｅ２スカチャン
null,10849,2010,Ｊ１,第１８節第３日,08/15(日),18:03,京都サンガF.C.,セレッソ大阪,京都市西京極総合運動公園陸上競技場兼球技場,スカパー（スカチャンＨＤ、スカチャン）／ｅ２スカチャン／ＫＢＳ京都
null,19026,2010,Ｊ１,第１８節第３日,08/15(日),19:03,川崎フロンターレ,サンフレッチェ広島,等々力陸上競技場,スカパー（スカチャンＨＤ、スカチャン）／ｅ２スカチャン
null,12879,2010,Ｊ２,第２２節第２日,08/15(日),18:03,ヴァンフォーレ甲府,アビスパ福岡,山梨県小瀬スポーツ公園陸上競技場,スカパースカチャン／ｅ２スカチャン（録）
null,5271,2010,Ｊ２,第２２節第２日,08/15(日),18:03,ギラヴァンツ北九州,横浜ＦＣ,北九州市立本城陸上競技場,スカパースカチャン／ｅ２スカチャン（録）
null,2637,2010,Ｊ２,第２２節第２日,08/15(日),18:04,水戸ホーリーホック,ＦＣ岐阜,ケーズデンキスタジアム水戸,スカパースカチャン／ｅ２スカチャン（録）
null,3767,2010,Ｊ２,第２２節第２日,08/15(日),18:04,カターレ富山,ザスパ草津,富山県総合運動公園陸上競技場,スカパースカチャン／ｅ２スカチャン（録）
null,3681,2010,Ｊ２,第２２節第２日,08/15(日),19:04,愛媛ＦＣ,柏レイソル,ニンジニアスタジアム,スカパースカチャン／ｅ２スカチャン（録）
null,7405,2010,Ｊ２,第２２節第２日,08/15(日),19:33,東京ヴェルディ,コンサドーレ札幌,国立競技場,スカパースカチャン／ｅ２スカチャン
null,20046,2010,Ｊ１,第１９節第１日,08/17(火),19:03,ガンバ大阪,鹿島アントラーズ,万博記念競技場,スカパー（スカチャンＨＤ、スカチャン）／ｅ２スカチャンＨＤ
null,30076,2010,Ｊ１,第１９節第１日,08/17(火),19:04,アルビレックス新潟,清水エスパルス,東北電力ビッグスワンスタジアム,スカパー（スカチャンＨＤ、スカチャン）／ｅ２スカチャン／ＢＳ
null,32231,2010,Ｊ１,第１９節第１日,08/17(火),19:33,浦和レッズ,ベガルタ仙台,埼玉スタジアム２００２,スカパー（スカチャンＨＤ、スカチャン）／ｅ２スカチャン
null,12184,2010,Ｊ１,第１９節第１日,08/17(火),19:34,横浜Ｆ・マリノス,モンテディオ山形,ニッパツ三ツ沢球技場,スカパー（スカチャンＨＤ、スカチャン）／ｅ２スカチャン
null,8049,2010,Ｊ１,第１９節第２日,08/18(水),19:03,ジュビロ磐田,ヴィッセル神戸,ヤマハスタジアム（磐田）,スカパー（スカチャンＨＤ、スカチャン）／ｅ２スカチャン
null,22407,2010,Ｊ１,第１９節第２日,08/18(水),19:04,川崎フロンターレ,名古屋グランパス,等々力陸上競技場,スカパー（スカチャンＨＤ、スカチャン）／ｅ２スカチャン／ＢＳ
null,9945,2010,Ｊ１,第１９節第２日,08/18(水),19:04,サンフレッチェ広島,大宮アルディージャ,広島ビッグアーチ,スカパー（スカチャンＨＤ、スカチャン）／ｅ２スカチャン
null,9302,2010,Ｊ１,第１９節第２日,08/18(水),19:05,湘南ベルマーレ,京都サンガF.C.,平塚競技場,スカパー・ｅ２（ＴＢＳチャンネル）／ＢＳ－ＴＢＳ
null,9086,2010,Ｊ１,第１９節第２日,08/18(水),19:05,セレッソ大阪,ＦＣ東京,キンチョウスタジアム,スカパー（スカチャンＨＤ、スカチャン）／ｅ２スカチャンＨＤ
null,19024,2010,Ｊ１,第２０節第１日,08/21(土),18:33,鹿島アントラーズ,セレッソ大阪,県立カシマサッカースタジアム,スカパー・ｅ２（Ｊ　ｓｐｏｒｔｓ　Ｐｌｕｓ）
null,20341,2010,Ｊ１,第２０節第１日,08/21(土),18:34,ＦＣ東京,サンフレッチェ広島,味の素スタジアム,スカパー（スカチャンＨＤ、スカチャン）／ｅ２スカチャン／ＴＯＫＹＯ　ＭＸ
null,14095,2010,Ｊ１,第２０節第１日,08/21(土),19:03,湘南ベルマーレ,浦和レッズ,平塚競技場,スカパー（スカチャンＨＤ、スカチャン）／ｅ２スカチャンＨＤ
null,36553,2010,Ｊ１,第２０節第１日,08/21(土),19:03,アルビレックス新潟,川崎フロンターレ,東北電力ビッグスワンスタジアム,スカパー（スカチャンＨＤ、スカチャン）／ｅ２スカチャン
null,13963,2010,Ｊ１,第２０節第１日,08/21(土),19:04,京都サンガF.C.,横浜Ｆ・マリノス,京都市西京極総合運動公園陸上競技場兼球技場,スカパー（スカチャンＨＤ、スカチャン）／ｅ２スカチャン／ＫＢＳ京都／ＢＳ
null,6817,2010,Ｊ２,第２３節第１日,08/21(土),13:03,コンサドーレ札幌,栃木ＳＣ,札幌厚別公園競技場,スカパースカチャン／ｅ２スカチャン
null,8787,2010,Ｊ２,第２３節第１日,08/21(土),18:03,アビスパ福岡,水戸ホーリーホック,レベルファイブスタジアム,スカパースカチャン／ｅ２スカチャン（録）
null,10609,2010,Ｊ２,第２３節第１日,08/21(土),19:04,柏レイソル,ヴァンフォーレ甲府,日立柏サッカー場,スカパースカチャン／ｅ２スカチャン
null,10223,2010,Ｊ２,第２３節第１日,08/21(土),19:04,大分トリニータ,ザスパ草津,大分銀行ドーム,スカパースカチャン／ｅ２スカチャン（録）
null,10081,2010,Ｊ１,第２０節第２日,08/22(日),18:01,大宮アルディージャ,ベガルタ仙台,ＮＡＣＫ５スタジアム大宮,スカパー（スカチャンＨＤ、スカチャン）／ｅ２スカチャン
null,10310,2010,Ｊ１,第２０節第２日,08/22(日),18:04,モンテディオ山形,ヴィッセル神戸,ＮＤソフトスタジアム山形,スカパー（スカチャンＨＤ、スカチャン）／ｅ２スカチャン
null,31266,2010,Ｊ１,第２０節第２日,08/22(日),18:05,ジュビロ磐田,清水エスパルス,エコパスタジアム,スカパー・ｅ２（ＴＢＳチャンネル）／ＢＳ－ＴＢＳ
null,17311,2010,Ｊ１,第２０節第２日,08/22(日),19:04,名古屋グランパス,ガンバ大阪,名古屋市瑞穂陸上競技場,スカパー（スカチャンＨＤ、スカチャン）／ｅ２スカチャン
null,4211,2010,Ｊ２,第２３節第２日,08/22(日),18:03,横浜ＦＣ,愛媛ＦＣ,ニッパツ三ツ沢球技場,スカパースカチャン／ｅ２スカチャン（録）
null,3379,2010,Ｊ２,第２３節第２日,08/22(日),18:05,ＦＣ岐阜,ジェフユナイテッド千葉,岐阜メモリアルセンター長良川球技メドウ,スカパースカチャン／ｅ２スカチャン
null,4122,2010,Ｊ２,第２３節第２日,08/22(日),18:34,徳島ヴォルティス,ギラヴァンツ北九州,鳴門・大塚スポーツパークポカリスエットスタジアム,スカパースカチャン／ｅ２スカチャン（録）
null,5105,2010,Ｊ２,第２３節第２日,08/22(日),19:03,サガン鳥栖,カターレ富山,ベストアメニティスタジアム,スカパースカチャン／ｅ２スカチャン（録）
null,7574,2010,Ｊ２,第２３節第２日,08/22(日),19:05,ロアッソ熊本,東京ヴェルディ,熊本県民総合運動公園陸上競技場,スカパースカチャン／ｅ２スカチャン（録）
null,51177,2010,Ｊ１,第２１節第１日,08/28(土),18:03,浦和レッズ,鹿島アントラーズ,埼玉スタジアム２００２,スカパー（スカチャンＨＤ、スカチャン）／ｅ２スカチャンＨＤ
null,9799,2010,Ｊ１,第２１節第１日,08/28(土),18:04,セレッソ大阪,大宮アルディージャ,キンチョウスタジアム,スカパー（スカチャンＨＤ、スカチャン）／ｅ２スカチャン
null,13944,2010,Ｊ１,第２１節第１日,08/28(土),19:03,名古屋グランパス,京都サンガF.C.,名古屋市瑞穂陸上競技場,スカパー（スカチャンＨＤ、スカチャン）／ｅ２スカチャン
null,14395,2010,Ｊ１,第２１節第１日,08/28(土),19:04,ベガルタ仙台,湘南ベルマーレ,ユアテックスタジアム仙台,スカパー（スカチャンＨＤ、スカチャン）／ｅ２スカチャン
null,13798,2010,Ｊ１,第２１節第１日,08/28(土),19:04,ヴィッセル神戸,ＦＣ東京,神戸総合運動公園ユニバー記念競技場,スカパー（スカチャンＨＤ、スカチャン）／ｅ２スカチャン／ＢＳ
null,12393,2010,Ｊ１,第２１節第１日,08/28(土),19:04,サンフレッチェ広島,モンテディオ山形,広島ビッグアーチ,スカパー（スカチャンＨＤ、スカチャン）／ｅ２スカチャン
null,3504,2010,Ｊ２,第２４節第１日,08/28(土),18:03,栃木ＳＣ,ロアッソ熊本,栃木県グリーンスタジアム,スカパースカチャン／ｅ２スカチャン（録）／とちぎテレビ
null,4681,2010,Ｊ２,第２４節第１日,08/28(土),18:03,ギラヴァンツ北九州,柏レイソル,北九州市立本城陸上競技場,スカパースカチャン／ｅ２スカチャン（録）
null,9778,2010,Ｊ２,第２４節第１日,08/28(土),19:03,ジェフユナイテッド千葉,ファジアーノ岡山,フクダ電子アリーナ,スカパースカチャン／ｅ２スカチャン（録）
null,19550,2010,Ｊ１,第２１節第２日,08/29(日),18:03,ガンバ大阪,ジュビロ磐田,万博記念競技場,スカパー・ｅ２（Ｊ　ｓｐｏｒｔｓ　Ｐｌｕｓ）
null,23167,2010,Ｊ１,第２１節第２日,08/29(日),18:05,横浜Ｆ・マリノス,アルビレックス新潟,日産スタジアム,スカパー・ｅ２（ＴＢＳチャンネル）／ＢＳ－ＴＢＳ（録）
null,18792,2010,Ｊ１,第２１節第２日,08/29(日),18:33,清水エスパルス,川崎フロンターレ,アウトソーシングスタジアム日本平,スカパー（スカチャンＨＤ、スカチャン）／ｅ２スカチャンＨＤ
null,13058,2010,Ｊ２,第２４節第２日,08/29(日),18:03,ヴァンフォーレ甲府,大分トリニータ,山梨県小瀬スポーツ公園陸上競技場,スカパースカチャン／ｅ２スカチャン
null,3946,2010,Ｊ２,第２４節第２日,08/29(日),18:04,水戸ホーリーホック,サガン鳥栖,ケーズデンキスタジアム水戸,スカパースカチャン／ｅ２スカチャン（録）
null,3921,2010,Ｊ２,第２４節第２日,08/29(日),18:04,カターレ富山,アビスパ福岡,富山県総合運動公園陸上競技場,スカパースカチャン／ｅ２スカチャン（録）
null,3309,2010,Ｊ２,第２４節第２日,08/29(日),19:04,ザスパ草津,徳島ヴォルティス,正田醤油スタジアム群馬,スカパースカチャン／ｅ２スカチャン（録）／群馬テレビ
null,3982,2010,Ｊ２,第２４節第２日,08/29(日),19:04,東京ヴェルディ,ＦＣ岐阜,西が丘サッカー場,スカパースカチャン／ｅ２スカチャン（録）
null,4146,2010,Ｊ２,第２４節第２日,08/29(日),19:04,愛媛ＦＣ,コンサドーレ札幌,ニンジニアスタジアム,スカパースカチャン／ｅ２スカチャン
null,2532,2010,Ｊ２,第１９節第３日,09/01(水),19:05,水戸ホーリーホック,大分トリニータ,ケーズデンキスタジアム水戸,スカパースカチャン／ｅ２スカチャン
null,20286,2010,Ｊ１,第２２節第１日,09/11(土),15:04,セレッソ大阪,サンフレッチェ広島,大阪長居スタジアム,スカパー（スカチャンＨＤ、スカチャン）／ｅ２スカチャン
null,10396,2010,Ｊ１,第２２節第１日,09/11(土),15:05,大宮アルディージャ,清水エスパルス,ＮＡＣＫ５スタジアム大宮,スカパー・ｅ２（ＴＢＳチャンネル）／ＢＳ－ＴＢＳ
null,8027,2010,Ｊ１,第２２節第１日,09/11(土),15:33,ジュビロ磐田,湘南ベルマーレ,ヤマハスタジアム（磐田）,スカパー（スカチャンＨＤ、スカチャン）／ｅ２スカチャン／静岡放送
null,22173,2010,Ｊ１,第２２節第１日,09/11(土),16:03,川崎フロンターレ,横浜Ｆ・マリノス,等々力陸上競技場,スカパー（スカチャンＨＤ、スカチャン）／ｅ２スカチャンＨＤ
null,9550,2010,Ｊ１,第２２節第１日,09/11(土),18:04,京都サンガF.C.,ヴィッセル神戸,京都市西京極総合運動公園陸上競技場兼球技場,スカパー（スカチャンＨＤ、スカチャン）／ｅ２スカチャン／ＫＢＳ京都
null,30832,2010,Ｊ１,第２２節第１日,09/11(土),19:03,アルビレックス新潟,ガンバ大阪,東北電力ビッグスワンスタジアム,スカパー（スカチャンＨＤ、スカチャン）／ｅ２スカチャン
null,16869,2010,Ｊ１,第２２節第１日,09/11(土),19:04,鹿島アントラーズ,ベガルタ仙台,県立カシマサッカースタジアム,スカパー（スカチャンＨＤ、スカチャン）／ｅ２スカチャンＨＤ
null,4594,2010,Ｊ２,第２５節第１日,09/11(土),16:04,大分トリニータ,コンサドーレ札幌,鹿児島県立鴨池陸上競技場,スカパースカチャン／ｅ２スカチャン
null,7456,2010,Ｊ２,第２５節第１日,09/11(土),19:04,柏レイソル,カターレ富山,日立柏サッカー場,スカパースカチャン／ｅ２スカチャン
null,10119,2010,Ｊ１,第２２節第２日,09/12(日),19:04,モンテディオ山形,名古屋グランパス,ＮＤソフトスタジアム山形,スカパー・ｅ２（Ｊ　ｓｐｏｒｔｓ　Ｐｌｕｓ）
null,29959,2010,Ｊ１,第２２節第２日,09/12(日),19:04,ＦＣ東京,浦和レッズ,味の素スタジアム,スカパー（スカチャンＨＤ、スカチャン）／ｅ２スカチャンＨＤ／ＢＳ
null,12065,2010,Ｊ２,第２５節第２日,09/12(日),16:03,アビスパ福岡,ジェフユナイテッド千葉,レベルファイブスタジアム,スカパースカチャン／ｅ２スカチャン
null,12301,2010,Ｊ２,第２５節第２日,09/12(日),16:03,サガン鳥栖,ヴァンフォーレ甲府,ベストアメニティスタジアム,スカパースカチャン／ｅ２スカチャン
null,5607,2010,Ｊ２,第２５節第２日,09/12(日),16:03,ロアッソ熊本,水戸ホーリーホック,熊本県民総合運動公園陸上競技場,スカパースカチャン／ｅ２スカチャン
null,2168,2010,Ｊ２,第２５節第２日,09/12(日),16:04,ＦＣ岐阜,ギラヴァンツ北九州,岐阜メモリアルセンター長良川球技メドウ,スカパースカチャン／ｅ２スカチャン（録）
null,6708,2010,Ｊ２,第２５節第２日,09/12(日),19:03,ファジアーノ岡山,愛媛ＦＣ,ｋａｎｋｏスタジアム,スカパースカチャン／ｅ２スカチャン（録）
null,4948,2010,Ｊ２,第２５節第２日,09/12(日),19:04,横浜ＦＣ,東京ヴェルディ,ニッパツ三ツ沢球技場,スカパースカチャン／ｅ２スカチャン
null,3186,2010,Ｊ２,第２５節第２日,09/12(日),19:04,徳島ヴォルティス,栃木ＳＣ,鳴門・大塚スポーツパークポカリスエットスタジアム,スカパースカチャン／ｅ２スカチャン
null,11979,2010,Ｊ１,第２３節第１日,09/18(土),13:04,サンフレッチェ広島,ヴィッセル神戸,広島ビッグアーチ,スカパー（スカチャンＨＤ、スカチャン）／ｅ２スカチャンＨＤ
null,17882,2010,Ｊ１,第２３節第１日,09/18(土),14:01,名古屋グランパス,横浜Ｆ・マリノス,名古屋市瑞穂陸上競技場,スカパー・ｅ２（ＴＢＳチャンネル）／ＴＢＳ（単）／中部日本放送（録）
null,11056,2010,Ｊ１,第２３節第１日,09/18(土),14:03,ジュビロ磐田,ＦＣ東京,ヤマハスタジアム（磐田）,スカパー（スカチャンＨＤ、スカチャン）／ｅ２スカチャン／静岡放送
null,14199,2010,Ｊ１,第２３節第１日,09/18(土),15:03,鹿島アントラーズ,大宮アルディージャ,県立カシマサッカースタジアム,スカパー・ｅ２（Ｊ　ｓｐｏｒｔｓ　Ｐｌｕｓ）／ＮＨＫ水戸＊
null,38909,2010,Ｊ１,第２３節第１日,09/18(土),16:03,浦和レッズ,清水エスパルス,埼玉スタジアム２００２,スカパー（スカチャンＨＤ、スカチャン）／ｅ２スカチャンＨＤ
null,20973,2010,Ｊ１,第２３節第１日,09/18(土),19:03,ガンバ大阪,セレッソ大阪,万博記念競技場,スカパー（スカチャンＨＤ、スカチャン）／ｅ２スカチャンＨＤ
null,12831,2010,Ｊ１,第２３節第１日,09/18(土),19:04,湘南ベルマーレ,川崎フロンターレ,平塚競技場,スカパー（スカチャンＨＤ、スカチャン）／ｅ２スカチャン／ＢＳ
null,1844,2010,Ｊ２,第２６節第１日,09/18(土),13:04,水戸ホーリーホック,カターレ富山,ケーズデンキスタジアム水戸,スカパースカチャン／ｅ２スカチャン
null,3736,2010,Ｊ２,第２６節第１日,09/18(土),16:03,東京ヴェルディ,栃木ＳＣ,味の素スタジアム,スカパースカチャン／ｅ２スカチャン
null,29848,2010,Ｊ１,第２３節第２日,09/19(日),15:03,アルビレックス新潟,京都サンガF.C.,東北電力ビッグスワンスタジアム,スカパー（スカチャンＨＤ、スカチャン）／ｅ２スカチャンＨＤ
null,26391,2010,Ｊ１,第２３節第２日,09/19(日),15:04,ベガルタ仙台,モンテディオ山形,宮城スタジアム,スカパー・ｅ２（ＴＢＳチャンネル）／ＢＳ－ＴＢＳ／ＮＨＫ仙台／ＮＨＫ山形
null,6888,2010,Ｊ２,第２６節第２日,09/19(日),13:03,コンサドーレ札幌,サガン鳥栖,札幌厚別公園競技場,スカパースカチャン／ｅ２スカチャン
null,4932,2010,Ｊ２,第２６節第２日,09/19(日),13:03,横浜ＦＣ,アビスパ福岡,ニッパツ三ツ沢球技場,スカパースカチャン／ｅ２スカチャン
null,12750,2010,Ｊ２,第２６節第２日,09/19(日),16:03,ヴァンフォーレ甲府,ロアッソ熊本,山梨県小瀬スポーツ公園陸上競技場,スカパースカチャン／ｅ２スカチャン
null,4092,2010,Ｊ２,第２６節第２日,09/19(日),16:03,ギラヴァンツ北九州,ファジアーノ岡山,北九州市立本城陸上競技場,スカパースカチャン／ｅ２スカチャン
null,18031,2010,Ｊ２,第２６節第２日,09/19(日),18:33,ジェフユナイテッド千葉,柏レイソル,フクダ電子アリーナ,スカパースカチャン／ｅ２スカチャン／千葉テレビ
null,2816,2010,Ｊ２,第２６節第２日,09/19(日),19:03,ザスパ草津,ＦＣ岐阜,正田醤油スタジアム群馬,スカパースカチャン／ｅ２スカチャン（録）
null,7613,2010,Ｊ２,第２６節第２日,09/19(日),19:04,愛媛ＦＣ,徳島ヴォルティス,ニンジニアスタジアム,スカパースカチャン／ｅ２スカチャン／テレビ愛媛（録）
null,2006,2010,Ｊ２,第２７節第１日,09/23(木・祝),13:04,ＦＣ岐阜,大分トリニータ,岐阜メモリアルセンター長良川球技メドウ,スカパースカチャン／ｅ２スカチャン／ＮＨＫ岐阜／ＮＨＫ大分
null,11077,2010,Ｊ２,第２７節第１日,09/23(木・祝),13:04,サガン鳥栖,アビスパ福岡,ベストアメニティスタジアム,スカパースカチャン／ｅ２スカチャン／ＮＨＫ佐賀
null,1913,2010,Ｊ２,第２７節第１日,09/23(木・祝),13:23,栃木ＳＣ,愛媛ＦＣ,栃木県グリーンスタジアム,スカパースカチャン／ｅ２スカチャン（録）／とちぎテレビ
null,12036,2010,Ｊ２,第２７節第１日,09/23(木・祝),15:02,ロアッソ熊本,横浜ＦＣ,熊本県民総合運動公園陸上競技場,スカパースカチャン／ｅ２スカチャン／テレビ熊本
null,2402,2010,Ｊ２,第２７節第１日,09/23(木・祝),16:03,ギラヴァンツ北九州,ザスパ草津,北九州市立本城陸上競技場,スカパースカチャン／ｅ２スカチャン
null,3319,2010,Ｊ２,第２７節第１日,09/23(木・祝),16:05,カターレ富山,ヴァンフォーレ甲府,富山県総合運動公園陸上競技場,スカパースカチャン／ｅ２スカチャン
null,1456,2010,Ｊ２,第２７節第１日,09/23(木・祝),18:04,水戸ホーリーホック,ファジアーノ岡山,ケーズデンキスタジアム水戸,スカパースカチャン／ｅ２スカチャン
null,6916,2010,Ｊ２,第２７節第１日,09/23(木・祝),19:04,柏レイソル,コンサドーレ札幌,日立柏サッカー場,スカパースカチャン／ｅ２スカチャン
null,3542,2010,Ｊ２,第２７節第１日,09/23(木・祝),19:04,徳島ヴォルティス,東京ヴェルディ,鳴門・大塚スポーツパークポカリスエットスタジアム,スカパースカチャン／ｅ２スカチャン
null,17477,2010,Ｊ１,第２４節第１日,09/25(土),13:04,ＦＣ東京,大宮アルディージャ,味の素スタジアム,スカパー（スカチャンＨＤ、スカチャン）／ｅ２スカチャンＨＤ
null,15180,2010,Ｊ１,第２４節第１日,09/25(土),15:03,サンフレッチェ広島,鹿島アントラーズ,広島ビッグアーチ,スカパー・ｅ２（Ｊ　ｓｐｏｒｔｓ　Ｐｌｕｓ）／ＮＨＫ広島
null,19496,2010,Ｊ１,第２４節第１日,09/25(土),15:04,清水エスパルス,名古屋グランパス,アウトソーシングスタジアム日本平,スカパー（スカチャンＨＤ、スカチャン）／ｅ２スカチャン／テレビ静岡
null,12775,2010,Ｊ１,第２４節第１日,09/25(土),15:05,ヴィッセル神戸,セレッソ大阪,ホームズスタジアム神戸,スカパー・ｅ２（ＴＢＳチャンネル）／ＢＳ－ＴＢＳ
null,31973,2010,Ｊ１,第２４節第１日,09/25(土),16:03,浦和レッズ,アルビレックス新潟,埼玉スタジアム２００２,スカパー（スカチャンＨＤ、スカチャン）／ｅ２スカチャンＨＤ
null,7782,2010,Ｊ１,第２４節第１日,09/25(土),16:04,モンテディオ山形,湘南ベルマーレ,ＮＤソフトスタジアム山形,スカパー（スカチャンＨＤ、スカチャン）／ｅ２スカチャン
null,8777,2010,Ｊ１,第２４節第１日,09/25(土),18:04,京都サンガF.C.,ジュビロ磐田,京都市西京極総合運動公園陸上競技場兼球技場,スカパー（スカチャンＨＤ、スカチャン）／ｅ２スカチャン／ＫＢＳ京都
null,20837,2010,Ｊ１,第２４節第１日,09/25(土),19:03,川崎フロンターレ,ガンバ大阪,等々力陸上競技場,スカパー・ｅ２（Ｊ　ｓｐｏｒｔｓ　Ｐｌｕｓ）
null,20250,2010,Ｊ１,第２４節第１日,09/25(土),19:04,横浜Ｆ・マリノス,ベガルタ仙台,日産スタジアム,スカパー（スカチャンＨＤ、スカチャン）／ｅ２スカチャンＨＤ／ＢＳ（録）
null,5429,2010,Ｊ２,第２８節第１日,09/26(日),13:03,コンサドーレ札幌,ＦＣ岐阜,札幌厚別公園競技場,スカパースカチャン／ｅ２スカチャン
null,10809,2010,Ｊ２,第２８節第１日,09/26(日),13:03,横浜ＦＣ,カターレ富山,国立競技場,スカパースカチャン／ｅ２スカチャン（録）
null,6245,2010,Ｊ２,第２８節第１日,09/26(日),13:03,ファジアーノ岡山,ヴァンフォーレ甲府,ｋａｎｋｏスタジアム,スカパースカチャン／ｅ２スカチャン
null,9083,2010,Ｊ２,第２８節第１日,09/26(日),14:04,大分トリニータ,水戸ホーリーホック,大分銀行ドーム,スカパースカチャン／ｅ２スカチャン／ＮＨＫ大分
null,9509,2010,Ｊ２,第２８節第１日,09/26(日),16:03,ジェフユナイテッド千葉,栃木ＳＣ,フクダ電子アリーナ,スカパースカチャン／ｅ２スカチャン
null,14657,2010,Ｊ２,第２８節第１日,09/26(日),16:03,アビスパ福岡,柏レイソル,レベルファイブスタジアム,スカパースカチャン／ｅ２スカチャン
null,2746,2010,Ｊ２,第２８節第１日,09/26(日),16:04,ザスパ草津,サガン鳥栖,正田醤油スタジアム群馬,スカパースカチャン／ｅ２スカチャン（録）／群馬テレビ
null,4052,2010,Ｊ２,第２８節第１日,09/26(日),17:04,東京ヴェルディ,ギラヴァンツ北九州,味の素スタジアム,スカパースカチャン／ｅ２スカチャン
null,3215,2010,Ｊ２,第２８節第１日,09/26(日),19:03,愛媛ＦＣ,ロアッソ熊本,ニンジニアスタジアム,スカパースカチャン／ｅ２スカチャン
null,29575,2010,Ｊ１,第２５節第１日,10/02(土),13:00,大宮アルディージャ,浦和レッズ,埼玉スタジアム２００２,スカパー（スカチャンＨＤ、スカチャン）／ｅ２スカチャンＨＤ
null,7220,2010,Ｊ１,第２５節第１日,10/02(土),13:04,京都サンガF.C.,サンフレッチェ広島,京都市西京極総合運動公園陸上競技場兼球技場,スカパー（スカチャンＨＤ、スカチャン）／ｅ２スカチャン／ＫＢＳ京都（録）
null,8707,2010,Ｊ１,第２５節第１日,10/02(土),13:04,ヴィッセル神戸,川崎フロンターレ,ホームズスタジアム神戸,スカパー（スカチャンＨＤ、スカチャン）／ｅ２スカチャン
null,13027,2010,Ｊ１,第２５節第１日,10/02(土),16:03,名古屋グランパス,ベガルタ仙台,名古屋市瑞穂陸上競技場,スカパー・ｅ２（Ｊ　ｓｐｏｒｔｓ　Ｐｌｕｓ）
null,8041,2010,Ｊ１,第２５節第１日,10/02(土),16:04,セレッソ大阪,アルビレックス新潟,キンチョウスタジアム,スカパー（スカチャンＨＤ、スカチャン）／ｅ２スカチャン
null,22236,2010,Ｊ１,第２５節第１日,10/02(土),17:04,鹿島アントラーズ,清水エスパルス,県立カシマサッカースタジアム,スカパー（スカチャンＨＤ、スカチャン）／ｅ２スカチャンＨＤ
null,12018,2010,Ｊ１,第２５節第１日,10/02(土),19:04,モンテディオ山形,ガンバ大阪,ＮＤソフトスタジアム山形,スカパー（スカチャンＨＤ、スカチャン）／ｅ２スカチャン／ＢＳ
null,7470,2010,Ｊ２,第２９節第１日,10/02(土),14:04,ギラヴァンツ北九州,大分トリニータ,北九州市立本城陸上競技場,スカパースカチャン／ｅ２スカチャン／ＮＨＫ北九州／ＮＨＫ大分
null,7525,2010,Ｊ２,第２９節第１日,10/02(土),17:04,柏レイソル,栃木ＳＣ,日立柏サッカー場,スカパースカチャン／ｅ２スカチャン
null,11528,2010,Ｊ１,第２５節第２日,10/03(日),14:03,ジュビロ磐田,横浜Ｆ・マリノス,ヤマハスタジアム（磐田）,スカパー（スカチャンＨＤ、スカチャン）／ｅ２スカチャンＨＤ／静岡放送
null,20508,2010,Ｊ１,第２５節第２日,10/03(日),15:05,ＦＣ東京,湘南ベルマーレ,国立競技場,スカパー・ｅ２（ＴＢＳチャンネル）／ＢＳ－ＴＢＳ
null,4197,2010,Ｊ２,第２９節第２日,10/03(日),13:03,ファジアーノ岡山,サガン鳥栖,ｋａｎｋｏスタジアム,スカパースカチャン／ｅ２スカチャン
null,4027,2010,Ｊ２,第２９節第２日,10/03(日),13:04,水戸ホーリーホック,愛媛ＦＣ,笠松運動公園陸上競技場,スカパースカチャン／ｅ２スカチャン（録）
null,4632,2010,Ｊ２,第２９節第２日,10/03(日),13:05,カターレ富山,ジェフユナイテッド千葉,富山県総合運動公園陸上競技場,スカパースカチャン／ｅ２スカチャン
null,12814,2010,Ｊ２,第２９節第２日,10/03(日),16:03,ヴァンフォーレ甲府,横浜ＦＣ,山梨県小瀬スポーツ公園陸上競技場,スカパースカチャン／ｅ２スカチャン
null,16098,2010,Ｊ２,第２９節第２日,10/03(日),16:03,ロアッソ熊本,アビスパ福岡,熊本県民総合運動公園陸上競技場,スカパースカチャン／ｅ２スカチャン
null,4701,2010,Ｊ２,第２９節第２日,10/03(日),16:04,ザスパ草津,東京ヴェルディ,正田醤油スタジアム群馬,スカパースカチャン／ｅ２スカチャン（録）
null,2326,2010,Ｊ２,第２９節第２日,10/03(日),18:03,ＦＣ岐阜,徳島ヴォルティス,岐阜メモリアルセンター長良川球技メドウ,スカパースカチャン／ｅ２スカチャン（録）
null,11200,2010,Ｊ１,第２６節第１日,10/16(土),13:03,湘南ベルマーレ,鹿島アントラーズ,平塚競技場,スカパー（スカチャンＨＤ、スカチャン）／ｅ２スカチャンＨＤ
null,17182,2010,Ｊ１,第２６節第１日,10/16(土),14:04,ベガルタ仙台,ＦＣ東京,ユアテックスタジアム仙台,スカパー（スカチャンＨＤ、スカチャン）／ｅ２スカチャン
null,13887,2010,Ｊ１,第２６節第１日,10/16(土),15:04,サンフレッチェ広島,ジュビロ磐田,広島ビッグアーチ,スカパー（スカチャンＨＤ、スカチャン）／ｅ２スカチャン／中国放送
null,32902,2010,Ｊ１,第２６節第１日,10/16(土),15:05,浦和レッズ,セレッソ大阪,埼玉スタジアム２００２,スカパー・ｅ２（ＴＢＳチャンネル）／ＢＳ－ＴＢＳ／テレ玉（録）
null,17427,2010,Ｊ１,第２６節第１日,10/16(土),16:03,川崎フロンターレ,モンテディオ山形,等々力陸上競技場,スカパー（スカチャンＨＤ、スカチャン）／ｅ２スカチャンＨＤ
null,15132,2010,Ｊ１,第２６節第１日,10/16(土),17:03,ガンバ大阪,大宮アルディージャ,万博記念競技場,スカパー（スカチャンＨＤ、スカチャン）／ｅ２スカチャン
null,14221,2010,Ｊ１,第２６節第１日,10/16(土),19:04,清水エスパルス,京都サンガF.C.,アウトソーシングスタジアム日本平,スカパー（スカチャンＨＤ、スカチャン）／ｅ２スカチャンＨＤ／ＢＳ
null,6010,2010,Ｊ２,第３０節第１日,10/16(土),13:03,コンサドーレ札幌,ヴァンフォーレ甲府,札幌厚別公園競技場,スカパースカチャン／ｅ２スカチャン
null,4464,2010,Ｊ２,第３０節第１日,10/16(土),16:04,東京ヴェルディ,ファジアーノ岡山,味の素スタジアム,スカパースカチャン／ｅ２スカチャン
null,17823,2010,Ｊ１,第２６節第２日,10/17(日),13:03,横浜Ｆ・マリノス,ヴィッセル神戸,日産スタジアム,スカパー（スカチャンＨＤ、スカチャン）／ｅ２スカチャン
null,32754,2010,Ｊ１,第２６節第２日,10/17(日),16:04,アルビレックス新潟,名古屋グランパス,東北電力ビッグスワンスタジアム,スカパー（スカチャンＨＤ、スカチャン）／ｅ２スカチャンＨＤ
null,3742,2010,Ｊ２,第３０節第２日,10/17(日),13:03,栃木ＳＣ,ギラヴァンツ北九州,栃木県グリーンスタジアム,スカパースカチャン／ｅ２スカチャン（録）／とちぎテレビ（録）
null,5558,2010,Ｊ２,第３０節第２日,10/17(日),13:03,アビスパ福岡,ザスパ草津,レベルファイブスタジアム,スカパースカチャン／ｅ２スカチャン（録）
null,9101,2010,Ｊ２,第３０節第２日,10/17(日),13:04,大分トリニータ,柏レイソル,大分銀行ドーム,スカパースカチャン／ｅ２スカチャン
null,10277,2010,Ｊ２,第３０節第２日,10/17(日),16:03,ジェフユナイテッド千葉,水戸ホーリーホック,フクダ電子アリーナ,スカパースカチャン／ｅ２スカチャン
null,3107,2010,Ｊ２,第３０節第２日,10/17(日),16:04,愛媛ＦＣ,ＦＣ岐阜,ニンジニアスタジアム,スカパースカチャン／ｅ２スカチャン（録）
null,6051,2010,Ｊ２,第３０節第２日,10/17(日),16:05,サガン鳥栖,横浜ＦＣ,佐賀県総合運動場陸上競技場,スカパースカチャン／ｅ２スカチャン
null,3322,2010,Ｊ２,第３０節第２日,10/17(日),19:04,徳島ヴォルティス,ロアッソ熊本,鳴門・大塚スポーツパークポカリスエットスタジアム,スカパースカチャン／ｅ２スカチャン
null,18301,2010,Ｊ１,第２７節第１日,10/23(土),14:03,ジュビロ磐田,浦和レッズ,エコパスタジアム,スカパー（スカチャンＨＤ、スカチャン）／ｅ２スカチャンＨＤ／静岡放送
null,12543,2010,Ｊ１,第２７節第１日,10/23(土),15:04,モンテディオ山形,清水エスパルス,ＮＤソフトスタジアム山形,スカパー・ｅ２（Ｊ　ｓｐｏｒｔｓ　Ｐｌｕｓ）／ＮＨＫ山形
null,23074,2010,Ｊ１,第２７節第１日,10/23(土),15:05,ＦＣ東京,アルビレックス新潟,味の素スタジアム,スカパー・ｅ２（ＴＢＳチャンネル）／ＢＳ－ＴＢＳ／ＴＯＫＹＯ　ＭＸ
null,9441,2010,Ｊ１,第２７節第１日,10/23(土),17:04,セレッソ大阪,ベガルタ仙台,キンチョウスタジアム,スカパー（スカチャンＨＤ、スカチャン）／ｅ２スカチャンＨＤ
null,15276,2010,Ｊ１,第２７節第１日,10/23(土),19:04,ヴィッセル神戸,名古屋グランパス,ホームズスタジアム神戸,スカパー（スカチャンＨＤ、スカチャン）／ｅ２スカチャン／ＢＳ
null,4025,2010,Ｊ２,第３１節第１日,10/23(土),13:03,ファジアーノ岡山,ＦＣ岐阜,岡山県津山陸上競技場,スカパースカチャン／ｅ２スカチャン
null,9293,2010,Ｊ２,第３１節第１日,10/23(土),13:04,大分トリニータ,徳島ヴォルティス,大分銀行ドーム,スカパースカチャン／ｅ２スカチャン
null,8855,2010,Ｊ２,第３１節第１日,10/23(土),16:03,横浜ＦＣ,ジェフユナイテッド千葉,ニッパツ三ツ沢球技場,スカパースカチャン／ｅ２スカチャン
null,8141,2010,Ｊ２,第３１節第１日,10/23(土),16:04,柏レイソル,ロアッソ熊本,日立柏サッカー場,スカパースカチャン／ｅ２スカチャン
null,11127,2010,Ｊ１,第２７節第２日,10/24(日),13:04,サンフレッチェ広島,湘南ベルマーレ,広島ビッグアーチ,スカパー（スカチャンＨＤ、スカチャン）／ｅ２スカチャン
null,12151,2010,Ｊ１,第２７節第２日,10/24(日),13:05,京都サンガF.C.,ガンバ大阪,京都市西京極総合運動公園陸上競技場兼球技場,スカパー（スカチャンＨＤ、スカチャン）／ｅ２スカチャンＨＤ／ＮＨＫ京都／ＫＢＳ京都（録）／ＮＨＫ大阪
null,10740,2010,Ｊ１,第２７節第２日,10/24(日),16:00,大宮アルディージャ,川崎フロンターレ,ＮＡＣＫ５スタジアム大宮,スカパー（スカチャンＨＤ、スカチャン）／ｅ２スカチャン
null,22973,2010,Ｊ１,第２７節第２日,10/24(日),16:04,鹿島アントラーズ,横浜Ｆ・マリノス,県立カシマサッカースタジアム,スカパー（スカチャンＨＤ、スカチャン）／ｅ２スカチャンＨＤ
null,8412,2010,Ｊ２,第３１節第２日,10/24(日),13:04,カターレ富山,コンサドーレ札幌,富山県総合運動公園陸上競技場,スカパースカチャン／ｅ２スカチャン
null,3966,2010,Ｊ２,第３１節第２日,10/24(日),13:05,サガン鳥栖,東京ヴェルディ,ベストアメニティスタジアム,スカパースカチャン／ｅ２スカチャン（録）
null,10163,2010,Ｊ２,第３１節第２日,10/24(日),14:04,ヴァンフォーレ甲府,愛媛ＦＣ,山梨県小瀬スポーツ公園陸上競技場,スカパースカチャン／ｅ２スカチャン／テレビ山梨
null,10287,2010,Ｊ２,第３１節第２日,10/24(日),16:03,アビスパ福岡,ギラヴァンツ北九州,レベルファイブスタジアム,スカパースカチャン／ｅ２スカチャン／ＮＨＫ福岡（録）／ＮＨＫ北九州（録）
null,3356,2010,Ｊ２,第３１節第２日,10/24(日),16:04,ザスパ草津,水戸ホーリーホック,正田醤油スタジアム群馬,スカパースカチャン／ｅ２スカチャン（録）／群馬テレビ
null,24061,2010,Ｊ１,第２８節第１日,10/30(土),13:03,名古屋グランパス,セレッソ大阪,豊田スタジアム,スカパー（スカチャンＨＤ、スカチャン）／ｅ２スカチャン
null,12663,2010,Ｊ１,第２８節第１日,10/30(土),13:04,ベガルタ仙台,京都サンガF.C.,ユアテックスタジアム仙台,スカパー（スカチャンＨＤ、スカチャン）／ｅ２スカチャンＨＤ／東日本放送
null,7117,2010,Ｊ１,第２８節第１日,10/30(土),13:04,清水エスパルス,ＦＣ東京,アウトソーシングスタジアム日本平,スカパー・ｅ２（Ｊ　ｓｐｏｒｔｓ　Ｐｌｕｓ）／テレビ静岡
null,21625,2010,Ｊ１,第２８節第１日,10/30(土),15:04,浦和レッズ,モンテディオ山形,埼玉スタジアム２００２,スカパー（スカチャンＨＤ、スカチャン）／ｅ２スカチャン／ＢＳ／テレ玉（録）
null,7348,2010,Ｊ１,第２８節第１日,10/30(土),15:05,川崎フロンターレ,ジュビロ磐田,等々力陸上競技場,スカパー・ｅ２（ＴＢＳチャンネル）／ＢＳ－ＴＢＳ
null,12399,2010,Ｊ１,第２８節第１日,10/30(土),16:03,ガンバ大阪,ヴィッセル神戸,万博記念競技場,スカパー（スカチャンＨＤ、スカチャン）／ｅ２スカチャンＨＤ
null,3013,2010,Ｊ２,第３２節第１日,10/30(土),16:04,ＦＣ岐阜,横浜ＦＣ,岐阜メモリアルセンター長良川球技メドウ,スカパースカチャン／ｅ２スカチャン
null,2496,2010,Ｊ２,第３２節第１日,10/30(土),19:03,ギラヴァンツ北九州,カターレ富山,北九州市立本城陸上競技場,スカパースカチャン／ｅ２スカチャン
null,12568,2010,Ｊ１,第２８節第２日,10/31(日),15:05,横浜Ｆ・マリノス,サンフレッチェ広島,ニッパツ三ツ沢球技場,スカパー・ｅ２（ＴＢＳチャンネル）
null,30130,2010,Ｊ１,第２８節第２日,10/31(日),17:03,アルビレックス新潟,鹿島アントラーズ,東北電力ビッグスワンスタジアム,スカパー（スカチャンＨＤ、スカチャン）／ｅ２スカチャンＨＤ
null,5731,2010,Ｊ２,第３２節第２日,10/31(日),13:03,コンサドーレ札幌,ザスパ草津,札幌厚別公園競技場,スカパースカチャン／ｅ２スカチャン
null,2937,2010,Ｊ２,第３２節第２日,10/31(日),13:03,栃木ＳＣ,ファジアーノ岡山,栃木県グリーンスタジアム,スカパースカチャン／ｅ２スカチャン（録）／とちぎテレビ（録）
null,5398,2010,Ｊ２,第３２節第２日,10/31(日),13:03,ロアッソ熊本,サガン鳥栖,熊本市水前寺競技場,スカパースカチャン／ｅ２スカチャン（録）
null,10181,2010,Ｊ２,第３２節第２日,10/31(日),13:04,水戸ホーリーホック,柏レイソル,ケーズデンキスタジアム水戸,スカパースカチャン／ｅ２スカチャン／ＮＨＫ水戸＊
null,13393,2010,Ｊ２,第３２節第２日,10/31(日),16:03,ジェフユナイテッド千葉,ヴァンフォーレ甲府,フクダ電子アリーナ,スカパースカチャン／ｅ２スカチャン
null,4519,2010,Ｊ２,第３２節第２日,10/31(日),16:04,東京ヴェルディ,大分トリニータ,味の素スタジアム,スカパースカチャン／ｅ２スカチャン
null,2117,2010,Ｊ２,第３２節第２日,10/31(日),16:04,徳島ヴォルティス,アビスパ福岡,鳴門・大塚スポーツパークポカリスエットスタジアム,スカパースカチャン／ｅ２スカチャン（録）
null,12181,2010,Ｊ１,第２９節第１日,11/06(土),14:03,湘南ベルマーレ,横浜Ｆ・マリノス,平塚競技場,スカパー・ｅ２（Ｊ　ｓｐｏｒｔｓ　Ｐｌｕｓ）
null,10877,2010,Ｊ１,第２９節第１日,11/06(土),14:04,セレッソ大阪,清水エスパルス,キンチョウスタジアム,スカパー（スカチャンＨＤ、スカチャン）／ｅ２スカチャンＨＤ／ＢＳ
null,12052,2010,Ｊ１,第２９節第１日,11/06(土),14:04,ヴィッセル神戸,ベガルタ仙台,ホームズスタジアム神戸,スカパー（スカチャンＨＤ、スカチャン）／ｅ２スカチャン／ＮＨＫ神戸／ＮＨＫ仙台
null,27816,2010,Ｊ１,第２９節第１日,11/06(土),15:06,ＦＣ東京,ガンバ大阪,味の素スタジアム,スカパー・ｅ２（ＴＢＳチャンネル）／ＢＳ－ＴＢＳ／ＴＯＫＹＯ　ＭＸ
null,7596,2010,Ｊ１,第２９節第１日,11/06(土),15:34,ジュビロ磐田,アルビレックス新潟,ヤマハスタジアム（磐田）,スカパー（スカチャンＨＤ、スカチャン）／ｅ２スカチャン／静岡放送
null,8457,2010,Ｊ１,第２９節第１日,11/06(土),17:00,大宮アルディージャ,モンテディオ山形,ＮＡＣＫ５スタジアム大宮,スカパー（スカチャンＨＤ、スカチャン）／ｅ２スカチャンＨＤ
null,11927,2010,Ｊ１,第２９節第１日,11/06(土),17:04,京都サンガF.C.,川崎フロンターレ,京都市西京極総合運動公園陸上競技場兼球技場,スカパー（スカチャンＨＤ、スカチャン）／ｅ２スカチャン／ＫＢＳ京都（録）
null,6007,2010,Ｊ２,第３３節第１日,11/06(土),13:03,アビスパ福岡,栃木ＳＣ,レベルファイブスタジアム,スカパースカチャン／ｅ２スカチャン
null,3704,2010,Ｊ２,第３３節第１日,11/06(土),16:04,愛媛ＦＣ,ザスパ草津,ニンジニアスタジアム,スカパースカチャン／ｅ２スカチャン
null,21725,2010,Ｊ１,第２９節第２日,11/07(日),13:05,サンフレッチェ広島,浦和レッズ,広島ビッグアーチ,スカパー（スカチャンＨＤ、スカチャン）／ｅ２スカチャンＨＤ
null,27969,2010,Ｊ１,第２９節第２日,11/07(日),16:05,鹿島アントラーズ,名古屋グランパス,県立カシマサッカースタジアム,スカパー（スカチャンＨＤ、スカチャン）／ｅ２スカチャンＨＤ
null,9388,2010,Ｊ２,第３３節第２日,11/07(日),13:04,柏レイソル,ＦＣ岐阜,日立柏サッカー場,スカパースカチャン／ｅ２スカチャンＨＤ／千葉テレビ（録）
null,6302,2010,Ｊ２,第３３節第２日,11/07(日),13:04,ファジアーノ岡山,大分トリニータ,ｋａｎｋｏスタジアム,スカパースカチャン／ｅ２スカチャン／ＮＨＫ岡山
null,3794,2010,Ｊ２,第３３節第２日,11/07(日),13:05,カターレ富山,東京ヴェルディ,富山県総合運動公園陸上競技場,スカパースカチャン／ｅ２スカチャン（録）
null,11219,2010,Ｊ２,第３３節第２日,11/07(日),14:01,ヴァンフォーレ甲府,ギラヴァンツ北九州,山梨県小瀬スポーツ公園陸上競技場,スカパースカチャン／ｅ２スカチャン／山梨放送
null,12656,2010,Ｊ２,第３３節第２日,11/07(日),16:03,コンサドーレ札幌,ジェフユナイテッド千葉,札幌ドーム,スカパースカチャン／ｅ２スカチャン
null,4557,2010,Ｊ２,第３３節第２日,11/07(日),16:03,横浜ＦＣ,水戸ホーリーホック,ニッパツ三ツ沢球技場,スカパースカチャン／ｅ２スカチャン（録）
null,3658,2010,Ｊ２,第３３節第２日,11/07(日),16:03,サガン鳥栖,徳島ヴォルティス,ベストアメニティスタジアム,スカパースカチャン／ｅ２スカチャン
null,6032,2010,Ｊ１,第２８節第３日,11/10(水),19:03,湘南ベルマーレ,大宮アルディージャ,平塚競技場,スカパースカチャン／ｅ２スカチャン
null,29670,2010,Ｊ１,第３０節第１日,11/14(日),14:03,横浜Ｆ・マリノス,ＦＣ東京,日産スタジアム,スカパー（スカチャンＨＤ、スカチャン）／ｅ２スカチャンＨＤ
null,32398,2010,Ｊ１,第３０節第１日,11/14(日),14:04,浦和レッズ,京都サンガF.C.,埼玉スタジアム２００２,スカパー・ｅ２（ＴＢＳチャンネル）／ＢＳ－ＴＢＳ／テレ玉
null,19693,2010,Ｊ１,第３０節第１日,11/14(日),14:04,川崎フロンターレ,鹿島アントラーズ,等々力陸上競技場,スカパー（スカチャンＨＤ、スカチャン）／ｅ２スカチャン／ＢＳ
null,16204,2010,Ｊ１,第３０節第１日,11/14(日),14:04,清水エスパルス,湘南ベルマーレ,アウトソーシングスタジアム日本平,スカパー（スカチャンＨＤ、スカチャン）／ｅ２スカチャン
null,17489,2010,Ｊ１,第３０節第１日,11/14(日),14:05,名古屋グランパス,大宮アルディージャ,名古屋市瑞穂陸上競技場,スカパー（スカチャンＨＤ、スカチャン）／ｅ２スカチャンＨＤ／名古屋テレビ（録）
null,13675,2010,Ｊ１,第３０節第１日,11/14(日),17:04,ベガルタ仙台,ジュビロ磐田,ユアテックスタジアム仙台,スカパー（スカチャンＨＤ、スカチャン）／ｅ２スカチャン
null,7712,2010,Ｊ１,第３０節第１日,11/14(日),17:04,モンテディオ山形,セレッソ大阪,ＮＤソフトスタジアム山形,スカパー（スカチャンＨＤ、スカチャン）／ｅ２スカチャンＨＤ
null,19152,2010,Ｊ１,第３０節第１日,11/14(日),19:33,アルビレックス新潟,ヴィッセル神戸,東北電力ビッグスワンスタジアム,スカパー（スカチャンＨＤ、スカチャン）／ｅ２スカチャン
null,15402,2010,Ｊ１,第３０節第１日,11/14(日),19:33,ガンバ大阪,サンフレッチェ広島,万博記念競技場,スカパー（スカチャンＨＤ、スカチャン）／ｅ２スカチャンＨＤ
null,2647,2010,Ｊ２,第３４節第１日,11/14(日),12:34,ＦＣ岐阜,サガン鳥栖,岐阜メモリアルセンター長良川球技メドウ,スカパースカチャン／ｅ２スカチャン（録）
null,5086,2010,Ｊ２,第３４節第１日,11/14(日),13:04,ロアッソ熊本,カターレ富山,熊本県民総合運動公園陸上競技場,スカパースカチャン／ｅ２スカチャン
null,5625,2010,Ｊ２,第３４節第１日,11/14(日),17:03,栃木ＳＣ,ヴァンフォーレ甲府,栃木県グリーンスタジアム,スカパースカチャン／ｅ２スカチャンＨＤ／とちぎテレビ（録）
null,2678,2010,Ｊ２,第３４節第１日,11/14(日),17:03,ギラヴァンツ北九州,愛媛ＦＣ,北九州市立本城陸上競技場,スカパースカチャン／ｅ２スカチャン（録）
null,3056,2010,Ｊ２,第３４節第１日,11/14(日),17:04,水戸ホーリーホック,コンサドーレ札幌,ケーズデンキスタジアム水戸,スカパースカチャン／ｅ２スカチャン／ＮＨＫ水戸＊
null,25110,2010,Ｊ２,第３４節第１日,11/14(日),17:04,東京ヴェルディ,ジェフユナイテッド千葉,味の素スタジアム,スカパースカチャン／ｅ２スカチャン
null,3957,2010,Ｊ２,第３４節第１日,11/14(日),17:04,徳島ヴォルティス,横浜ＦＣ,鳴門・大塚スポーツパークポカリスエットスタジアム,スカパースカチャン／ｅ２スカチャン（録）
null,2232,2010,Ｊ２,第３４節第１日,11/14(日),19:34,ザスパ草津,ファジアーノ岡山,正田醤油スタジアム群馬,スカパースカチャン／ｅ２スカチャン（録）／群馬テレビ
null,9410,2010,Ｊ２,第３４節第１日,11/14(日),19:34,大分トリニータ,アビスパ福岡,大分銀行ドーム,スカパースカチャン／ｅ２スカチャン
null,11462,2010,Ｊ１,第３１節第１日,11/20(土),14:02,ヴィッセル神戸,鹿島アントラーズ,ホームズスタジアム神戸,スカパー（スカチャンＨＤ、スカチャン）／ｅ２スカチャン／ＢＳ
null,40071,2010,Ｊ１,第３１節第１日,11/20(土),14:03,浦和レッズ,ガンバ大阪,埼玉スタジアム２００２,スカパー（スカチャンＨＤ、スカチャン）／ｅ２スカチャンＨＤ
null,17050,2010,Ｊ１,第３１節第１日,11/20(土),14:04,ベガルタ仙台,清水エスパルス,ユアテックスタジアム仙台,スカパー（スカチャンＨＤ、スカチャン）／ｅ２スカチャンＨＤ
null,28480,2010,Ｊ１,第３１節第１日,11/20(土),14:04,ＦＣ東京,川崎フロンターレ,味の素スタジアム,スカパー・ｅ２（ＴＢＳチャンネル）／ＴＯＫＹＯ　ＭＸ／ＢＳ－ＴＢＳ（録）
null,12650,2010,Ｊ１,第３１節第１日,11/20(土),14:04,湘南ベルマーレ,名古屋グランパス,平塚競技場,スカパー・ｅ２（Ｊ　ｓｐｏｒｔｓ　Ｐｌｕｓ）／ＮＨＫ総合
null,10118,2010,Ｊ１,第３１節第１日,11/20(土),17:04,ジュビロ磐田,モンテディオ山形,ヤマハスタジアム（磐田）,スカパー（スカチャンＨＤ、スカチャン）／ｅ２スカチャンＨＤ
null,13473,2010,Ｊ１,第３１節第１日,11/20(土),17:04,セレッソ大阪,横浜Ｆ・マリノス,キンチョウスタジアム,スカパー（スカチャンＨＤ、スカチャン）／ｅ２スカチャンＨＤ
null,11961,2010,Ｊ１,第３１節第１日,11/20(土),17:04,サンフレッチェ広島,アルビレックス新潟,広島ビッグアーチ,スカパー（スカチャンＨＤ、スカチャン）／ｅ２スカチャン
null,6904,2010,Ｊ１,第３１節第１日,11/20(土),19:34,京都サンガF.C.,大宮アルディージャ,京都市西京極総合運動公園陸上競技場兼球技場,スカパー（スカチャンＨＤ、スカチャン）／ｅ２スカチャン／ＫＢＳ京都
null,2286,2010,Ｊ２,第３５節第１日,11/20(土),12:04,水戸ホーリーホック,徳島ヴォルティス,ケーズデンキスタジアム水戸,スカパースカチャン／ｅ２スカチャン
null,5254,2010,Ｊ２,第３５節第１日,11/20(土),12:04,サガン鳥栖,柏レイソル,ベストアメニティスタジアム,スカパースカチャン／ｅ２スカチャン
null,10080,2010,Ｊ２,第３５節第１日,11/20(土),14:33,アビスパ福岡,東京ヴェルディ,レベルファイブスタジアム,スカパースカチャン／ｅ２スカチャン
null,12113,2010,Ｊ２,第３５節第１日,11/20(土),14:34,ヴァンフォーレ甲府,ザスパ草津,山梨県小瀬スポーツ公園陸上競技場,スカパースカチャン／ｅ２スカチャン／ＮＨＫ甲府
null,8433,2010,Ｊ２,第３５節第１日,11/20(土),17:03,横浜ＦＣ,コンサドーレ札幌,日産スタジアム,スカパースカチャン／ｅ２スカチャン
null,5193,2010,Ｊ２,第３５節第１日,11/20(土),17:03,ロアッソ熊本,ファジアーノ岡山,熊本県民総合運動公園陸上競技場,スカパースカチャン／ｅ２スカチャン（録）
null,4170,2010,Ｊ２,第３５節第１日,11/20(土),17:04,愛媛ＦＣ,大分トリニータ,ニンジニアスタジアム,スカパースカチャン／ｅ２スカチャン
null,8381,2010,Ｊ２,第３５節第１日,11/20(土),19:33,ジェフユナイテッド千葉,ギラヴァンツ北九州,フクダ電子アリーナ,スカパースカチャン／ｅ２スカチャン
null,2584,2010,Ｊ２,第３５節第１日,11/20(土),19:34,カターレ富山,栃木ＳＣ,富山県総合運動公園陸上競技場,スカパースカチャン／ｅ２スカチャン（録）
null,29691,2010,Ｊ１,第３２節第１日,11/23(火・祝),14:03,横浜Ｆ・マリノス,浦和レッズ,日産スタジアム,スカパー（スカチャンＨＤ、スカチャン）／ｅ２スカチャン
null,18575,2010,Ｊ１,第３２節第１日,11/23(火・祝),14:04,鹿島アントラーズ,ジュビロ磐田,県立カシマサッカースタジアム,スカパー（スカチャンＨＤ、スカチャン）／ｅ２スカチャンＨＤ／ＢＳ
null,17143,2010,Ｊ１,第３２節第１日,11/23(火・祝),14:04,清水エスパルス,サンフレッチェ広島,アウトソーシングスタジアム日本平,スカパー（スカチャンＨＤ、スカチャン）／ｅ２スカチャン／ＮＨＫ静岡／ＮＨＫ広島
null,33655,2010,Ｊ１,第３２節第１日,11/23(火・祝),14:04,名古屋グランパス,ＦＣ東京,豊田スタジアム,スカパー（スカチャンＨＤ、スカチャン）／ｅ２スカチャンＨＤ／ＮＨＫ総合／ＮＨＫ名古屋
null,11347,2010,Ｊ１,第３２節第１日,11/23(火・祝),14:04,ガンバ大阪,湘南ベルマーレ,万博記念競技場,スカパー・ｅ２（ＴＢＳチャンネル）／ＢＳ－ＴＢＳ
null,8979,2010,Ｊ１,第３２節第１日,11/23(火・祝),17:03,大宮アルディージャ,ヴィッセル神戸,ＮＡＣＫ５スタジアム大宮,スカパー・ｅ２（Ｊ　ｓｐｏｒｔｓ　Ｐｌｕｓ）／テレ玉
null,16194,2010,Ｊ１,第３２節第１日,11/23(火・祝),17:03,川崎フロンターレ,セレッソ大阪,等々力陸上競技場,スカパー（スカチャンＨＤ、スカチャン）／ｅ２スカチャン
null,24928,2010,Ｊ１,第３２節第１日,11/23(火・祝),17:03,アルビレックス新潟,ベガルタ仙台,東北電力ビッグスワンスタジアム,スカパー（スカチャンＨＤ、スカチャン）／ｅ２スカチャンＨＤ
null,8582,2010,Ｊ１,第３２節第１日,11/23(火・祝),19:34,モンテディオ山形,京都サンガF.C.,ＮＤソフトスタジアム山形,スカパー（スカチャンＨＤ、スカチャン）／ｅ２スカチャンＨＤ
null,3547,2010,Ｊ２,第３６節第１日,11/23(火・祝),12:03,栃木ＳＣ,水戸ホーリーホック,栃木県グリーンスタジアム,スカパースカチャン／ｅ２スカチャン（録）／とちぎテレビ
null,3064,2010,Ｊ２,第３６節第１日,11/23(火・祝),12:04,ＦＣ岐阜,アビスパ福岡,岐阜メモリアルセンター長良川球技メドウ,スカパースカチャン／ｅ２スカチャン
null,5792,2010,Ｊ２,第３６節第１日,11/23(火・祝),14:33,ギラヴァンツ北九州,サガン鳥栖,北九州市立本城陸上競技場,スカパースカチャン／ｅ２スカチャン（録）
null,14176,2010,Ｊ２,第３６節第１日,11/23(火・祝),14:34,大分トリニータ,ロアッソ熊本,大分銀行ドーム,スカパースカチャン／ｅ２スカチャン／ＮＨＫ大分／ＮＨＫ熊本
null,9507,2010,Ｊ２,第３６節第１日,11/23(火・祝),17:03,コンサドーレ札幌,徳島ヴォルティス,札幌ドーム,スカパースカチャン／ｅ２スカチャン
null,5351,2010,Ｊ２,第３６節第１日,11/23(火・祝),17:03,ザスパ草津,ジェフユナイテッド千葉,正田醤油スタジアム群馬,スカパースカチャン／ｅ２スカチャン
null,6026,2010,Ｊ２,第３６節第１日,11/23(火・祝),17:03,ファジアーノ岡山,カターレ富山,ｋａｎｋｏスタジアム,スカパースカチャン／ｅ２スカチャン（録）
null,2539,2010,Ｊ２,第３６節第１日,11/23(火・祝),19:33,東京ヴェルディ,愛媛ＦＣ,味の素スタジアム,スカパースカチャン／ｅ２スカチャン
null,8415,2010,Ｊ２,第３６節第１日,11/23(火・祝),19:34,柏レイソル,横浜ＦＣ,日立柏サッカー場,スカパースカチャン／ｅ２スカチャン（録）
null,19411,2010,Ｊ１,第３３節第１日,11/27(土),14:04,川崎フロンターレ,浦和レッズ,等々力陸上競技場,スカパー（スカチャンＨＤ、スカチャン）／ｅ２スカチャン／ＢＳ
null,13278,2010,Ｊ１,第３３節第１日,11/27(土),14:04,ジュビロ磐田,名古屋グランパス,ヤマハスタジアム（磐田）,スカパー（スカチャンＨＤ、スカチャン）／ｅ２スカチャン
null,17977,2010,Ｊ１,第３３節第１日,11/27(土),14:04,ガンバ大阪,横浜Ｆ・マリノス,万博記念競技場,スカパー（スカチャンＨＤ、スカチャン）／ｅ２スカチャンＨＤ／ＮＨＫ総合
null,14061,2010,Ｊ１,第３３節第１日,11/27(土),14:04,ヴィッセル神戸,清水エスパルス,ホームズスタジアム神戸,スカパー（スカチャンＨＤ、スカチャン）／ｅ２スカチャンＨＤ
null,26243,2010,Ｊ１,第３３節第１日,11/27(土),17:32,ＦＣ東京,モンテディオ山形,味の素スタジアム,スカパー・ｅ２（ＴＢＳチャンネル）／ＴＯＫＹＯ　ＭＸ／ＴＢＳ（単・録）
null,10967,2010,Ｊ１,第３３節第１日,11/27(土),17:33,大宮アルディージャ,アルビレックス新潟,ＮＡＣＫ５スタジアム大宮,スカパー・ｅ２（Ｊ　ｓｐｏｒｔｓ　Ｐｌｕｓ）／テレ玉
null,16448,2010,Ｊ１,第３３節第１日,11/27(土),17:34,サンフレッチェ広島,ベガルタ仙台,広島ビッグアーチ,スカパー（スカチャンＨＤ、スカチャン）／ｅ２スカチャンＨＤ
null,8475,2010,Ｊ２,第３７節第１日,11/27(土),14:04,柏レイソル,ファジアーノ岡山,日立柏サッカー場,スカパースカチャン／ｅ２スカチャン
null,14713,2010,Ｊ２,第３７節第１日,11/27(土),17:34,アビスパ福岡,コンサドーレ札幌,レベルファイブスタジアム,スカパースカチャン／ｅ２スカチャン
null,19588,2010,Ｊ１,第３３節第２日,11/28(日),13:03,鹿島アントラーズ,京都サンガF.C.,県立カシマサッカースタジアム,スカパー・ｅ２（Ｊ　ｓｐｏｒｔｓ　Ｐｌｕｓ）／ＮＨＫ水戸＊
null,8775,2010,Ｊ１,第３３節第２日,11/28(日),13:03,湘南ベルマーレ,セレッソ大阪,平塚競技場,スカパー（スカチャンＨＤ、スカチャン）／ｅ２スカチャンＨＤ
null,4172,2010,Ｊ２,第３７節第２日,11/28(日),13:04,水戸ホーリーホック,ヴァンフォーレ甲府,ケーズデンキスタジアム水戸,スカパースカチャン／ｅ２スカチャン
null,3143,2010,Ｊ２,第３７節第２日,11/28(日),13:04,ＦＣ岐阜,栃木ＳＣ,岐阜メモリアルセンター長良川球技メドウ,スカパースカチャン／ｅ２スカチャン（録）
null,11048,2010,Ｊ２,第３７節第２日,11/28(日),13:04,ロアッソ熊本,ギラヴァンツ北九州,熊本県民総合運動公園陸上競技場,スカパースカチャン／ｅ２スカチャン／ＮＨＫ熊本／ＮＨＫ北九州
null,6677,2010,Ｊ２,第３７節第２日,11/28(日),16:33,横浜ＦＣ,ザスパ草津,ニッパツ三ツ沢球技場,スカパースカチャン／ｅ２スカチャン
null,6103,2010,Ｊ２,第３７節第２日,11/28(日),16:34,徳島ヴォルティス,カターレ富山,鳴門・大塚スポーツパークポカリスエットスタジアム,スカパースカチャン／ｅ２スカチャン（録）
null,9792,2010,Ｊ２,第３７節第２日,11/28(日),16:34,サガン鳥栖,大分トリニータ,ベストアメニティスタジアム,スカパースカチャン／ｅ２スカチャン
null,4758,2010,Ｊ２,第３７節第２日,11/28(日),16:35,愛媛ＦＣ,ジェフユナイテッド千葉,ニンジニアスタジアム,スカパースカチャン／ｅ２スカチャンＨＤ
null,12697,2010,Ｊ１,第３４節第１日,12/04(土),15:32,京都サンガF.C.,ＦＣ東京,京都市西京極総合運動公園陸上競技場兼球技場,スカパー（スカチャンＨＤ、スカチャン）／ｅ２スカチャンＨＤ／ＫＢＳ京都（録）
null,28071,2010,Ｊ１,第３４節第１日,12/04(土),15:33,横浜Ｆ・マリノス,大宮アルディージャ,日産スタジアム,スカパー（スカチャンＨＤ、スカチャン）／スカパー・ｅ２（フジテレビＯＮＥ）
null,19088,2010,Ｊ１,第３４節第１日,12/04(土),15:33,清水エスパルス,ガンバ大阪,アウトソーシングスタジアム日本平,スカパー（スカチャンＨＤ、スカチャン）／ｅ２スカチャン／静岡放送
null,18989,2010,Ｊ１,第３４節第１日,12/04(土),15:34,ベガルタ仙台,川崎フロンターレ,ユアテックスタジアム仙台,スカパー・ｅ２（Ｊ　ｓｐｏｒｔｓ　Ｐｌｕｓ）
null,13647,2010,Ｊ１,第３４節第１日,12/04(土),15:34,モンテディオ山形,鹿島アントラーズ,ＮＤソフトスタジアム山形,スカパー（スカチャンＨＤ、スカチャン）／ｅ２スカチャン
null,45941,2010,Ｊ１,第３４節第１日,12/04(土),15:34,浦和レッズ,ヴィッセル神戸,埼玉スタジアム２００２,スカパー（スカチャンＨＤ、スカチャン）／ｅ２スカチャンＨＤ／ＢＳ／テレ玉
null,27389,2010,Ｊ１,第３４節第１日,12/04(土),15:34,アルビレックス新潟,湘南ベルマーレ,東北電力ビッグスワンスタジアム,スカパー（スカチャンＨＤ、スカチャン）／ｅ２スカチャン／ＮＨＫ新潟
null,31941,2010,Ｊ１,第３４節第１日,12/04(土),15:34,名古屋グランパス,サンフレッチェ広島,豊田スタジアム,スカパー（スカチャンＨＤ、スカチャン）／ｅ２スカチャン
null,15011,2010,Ｊ１,第３４節第１日,12/04(土),15:37,セレッソ大阪,ジュビロ磐田,キンチョウスタジアム,スカパー・ｅ２（ＴＢＳチャンネル）／ＢＳ－ＴＢＳ
null,3722,2010,Ｊ２,第３８節第１日,12/04(土),12:33,栃木ＳＣ,サガン鳥栖,栃木県グリーンスタジアム,スカパースカチャン／ｅ２スカチャン（録）／とちぎテレビ（録）
null,9934,2010,Ｊ２,第３８節第１日,12/04(土),12:33,ジェフユナイテッド千葉,徳島ヴォルティス,フクダ電子アリーナ,スカパースカチャン／ｅ２スカチャン
null,13071,2010,Ｊ２,第３８節第１日,12/04(土),12:33,ヴァンフォーレ甲府,ＦＣ岐阜,山梨県小瀬スポーツ公園陸上競技場,スカパースカチャン／ｅ２スカチャン／ＮＨＫ甲府
null,7100,2010,Ｊ２,第３８節第１日,12/04(土),12:33,ファジアーノ岡山,アビスパ福岡,ｋａｎｋｏスタジアム,スカパースカチャン／ｅ２スカチャン
null,14299,2010,Ｊ２,第３８節第１日,12/04(土),12:34,コンサドーレ札幌,ロアッソ熊本,札幌ドーム,スカパースカチャン／ｅ２スカチャン
null,5800,2010,Ｊ２,第３８節第１日,12/04(土),12:34,ザスパ草津,柏レイソル,正田醤油スタジアム群馬,スカパースカチャン／ｅ２スカチャン／群馬テレビ（録）
null,4430,2010,Ｊ２,第３８節第１日,12/04(土),12:34,東京ヴェルディ,水戸ホーリーホック,味の素スタジアム,スカパースカチャン／ｅ２スカチャン（録）
null,3661,2010,Ｊ２,第３８節第１日,12/04(土),12:34,カターレ富山,愛媛ＦＣ,富山県総合運動公園陸上競技場,スカパースカチャン／ｅ２スカチャン（録）
null,11918,2010,Ｊ２,第３８節第１日,12/04(土),12:35,大分トリニータ,横浜ＦＣ,大分銀行ドーム,スカパースカチャン／ｅ２スカチャン（録）
